"","plot_id","loc_name","long_in_degrees","lat_in_degrees","start_date","end_date","duration_in_days","duration_in_years","measurement_freq_in_mins","depth_in_m","temp_degC_percentage_missing_values","no_of_data","climate_classification","annual_a_mean","annual_gm_mean","annual_median","annual_ninetieth_perc"
"1","1.1","Belize, Stann Creek, Carrie Bow Cay",-88.082072,16.80127,"2001-03-20 19:10:00","2005-02-09 9:30:00",1422,3.895,10,0,13.2401287668958,204711,"Tropical",8.05679661e-07,8.01203596975944e-07,8.061076025e-07,8.923116995e-07
"2","1.2","Belize, Stann Creek, Carrie Bow Cay",-88.082072,16.80127,"2000-03-03 16:10:00","2013-12-09 0:00:00",5028,13.776,10,2,52.8699867417965,724080,"Tropical",5.69875084818182e-07,5.50900259051121e-07,6.04144587e-07,6.94044944e-07
"3","2.1","Belize, Stann Creek, Carrie Bow Cay",-88.079817,16.8009,"2000-03-04 21:30:00","2012-09-24 23:00:00",4587,12.567,10,2,53.1400161686383,660538,"Tropical",5.693837238e-07,5.54893778857527e-07,5.50744395e-07,6.267928404e-07
"4","2.2","Belize, Stann Creek, Carrie Bow Cay",-88.079817,16.8009,"2001-03-17 22:30:00","2012-06-07 23:00:00",4100,11.233,10,5,38.8000420051355,590404,"Tropical",4.33065447909091e-07,4.24899247608693e-07,4.55665195e-07,5.16812574e-07
"5","3","Belize, Stann Creek, Carrie Bow Cay",-88.07863,16.79972,"2000-03-03 16:10:00","2014-10-02 22:10:00",5326,14.592,10,10,40.7299528932268,766981,"Tropical",4.56729983866667e-07,4.38099686894156e-07,4.82950227e-07,5.35653114e-07
"6","9.3","Belize, Stann Creek, Cat Cay",-88.196906,16.651963,"2001-03-18 20:10:00","2005-08-02 23:40:00",1598,4.378,10,5,46.5498361823981,230134,"Tropical",3.909742304e-07,3.16789334549081e-07,4.4760923e-07,5.503880592e-07
"7","9.4","Belize, Stann Creek, Cat Cay",-88.196906,16.651963,"2001-03-18 20:10:00","2005-08-02 23:40:00",1598,4.378,10,10,49.8300989858083,230134,"Tropical",3.50223413e-07,2.88145431489008e-07,3.29902654e-07,5.185386688e-07
"8","10.1","Belize, Stann Creek, Channel Cay",-88.13632,16.662761,"2001-03-18 20:10:00","2005-08-02 23:40:00",1598,4.378,10,5,60.6998531290466,230134,"Tropical",4.209794215e-07,4.16457331998848e-07,4.089898225e-07,4.914807295e-07
"9","10.2","Belize, Stann Creek, Channel Cay",-88.13632,16.662761,"2001-03-18 20:10:00","2005-01-01 9:40:00",1385,3.793,10,10,64.8898073007052,199378,"Tropical",4.00012703e-07,3.98159711263394e-07,4.14675735e-07,4.326909678e-07
"10","13","Belize, Toledo, Sapodilla Cayes",-88.57228,16.19172,"2002-06-14 14:30:00","2005-08-07 8:45:00",1150,3.15,15,5,16.209751943322,110378,"Tropical",4.6373148025e-07,4.35530788014591e-07,5.16934777e-07,5.779516278e-07
"11","14","Belize, Toledo, Snake Cayes",-88.26666,16.108138,"2002-07-12 12:30:00","2005-08-07 8:45:00",1122,3.074,15,5,0.629538152983342,107698,"Tropical",4.2753908325e-07,3.96612707887511e-07,4.851546615e-07,5.379126991e-07
"12","27","Israel, Hadera Station",34.86307,32.47053,"2011-03-22 8:01:00","2020-06-10 4:51:00",3368,9.227,10,12,38.2000370744166,485510,"Subtropical",6.170087848e-07,4.53652704644987e-07,7.90765426e-07,8.565558613e-07
"13","28","Israel, Ashkelon Station",34.49917,31.63472,"2012-07-27 4:50:00","2020-06-10 4:51:00",2875,7.877,10,11,53.1398994266061,414026,"Subtropical",7.41861997285714e-07,6.81763510067533e-07,8.36710143e-07,8.907317626e-07
"14","29","South Africa, Tsitsikamma ",23.8997,-34.0228,"1991-06-29 14:00:00","1999-07-18 2:00:00",2941,8.056,60,10,0.100603621730382,70574,"Subtropical",3.8595680712e-07,3.63100133148548e-07,4.12039929e-07,4.589133298e-07
"15","30.1","South Africa, Tsitsikamma ",23.8752,-34.0453,"1999-12-01 0:00:00","2004-12-31 21:00:00",1858,5.09,60,12,0.370038125140166,44590,"Subtropical",4.10183964833333e-07,4.0916550362326e-07,4.08894457e-07,4.45453737e-07
"16","31","South Africa, Mangold ",25.5867,-34.0487,"1992-01-28 15:00:00","1997-05-02 9:00:00",1921,5.262,60,5,3.14106596672379,46099,"Subtropical",4.01032681583333e-07,3.95578992489239e-07,4.163291065e-07,4.530597992e-07
"17","33.1","Spain, Cap de Creus North (Portalo)",3.286557,42.33346,"2007-05-22 18:00:00","2019-06-28 10:00:00",4420,12.109,60,5,17.0602486872743,106077,"Temperate",3.72962241692308e-07,3.54236259886568e-07,3.76815671e-07,4.950868058e-07
"18","33.2","Spain, Cap de Creus North (Portalo)",3.286557,42.33346,"2007-05-22 18:00:00","2019-06-28 10:00:00",4420,12.109,60,10,9.80042799098768,106077,"Temperate",3.80388711076923e-07,3.61891209758565e-07,3.93520411e-07,5.008185786e-07
"19","34.1","Spain, Cap de Creus South (El-Gat)",3.261413,42.236976,"2007-05-23 17:00:00","2018-11-22 13:00:00",4201,11.509,60,5,21.350075378878,100824,"Temperate",4.36331978083333e-07,4.26143878884142e-07,4.637308395e-07,5.270439355e-07
"20","34.2","Spain, Cap de Creus South (El-Gat)",3.261413,42.236976,"2007-05-23 17:00:00","2018-11-22 13:00:00",4201,11.509,60,10,25.460207887011,100824,"Temperate",4.32594081090909e-07,4.27246252587708e-07,4.35289913e-07,5.07822086e-07
"21","35.1","Spain, Medes Islands (Pota-del-Llop)",3.2254,42.0497,"2002-07-18 11:00:00","2019-07-02 10:00:00",6193,16.967,60,5,21.8997450232439,148641,"Temperate",4.67157221133333e-07,4.64782213733333e-07,4.41920344e-07,5.205326382e-07
"22","35.2","Spain, Medes Islands (Pota-del-Llop)",3.2254,42.0497,"2002-07-18 11:00:00","2019-07-02 10:00:00",6193,16.967,60,10,6.96981317402332,148641,"Temperate",4.43721455058824e-07,4.38937517508899e-07,4.39874466e-07,5.168049142e-07
"23","36.1","France, Riou Nature Reserve",5.389873,43.171963,"1999-06-24 12:00:00","2017-11-20 9:00:00",6724,18.422,60,5,29.929978931714,161380,"Temperate",5.08252581142857e-07,4.98262473524235e-07,5.14328453e-07,5.94017181e-07
"24","36.2","France, Riou Nature Reserve",5.389873,43.171963,"1999-06-24 12:00:00","2017-11-20 9:00:00",6724,18.422,60,10,1.30995166687322,161380,"Temperate",4.94931711421053e-07,4.90501022683512e-07,4.89629486e-07,5.631844474e-07
"25","37.1","France, Port-Cros National Park",6.377994,43.016405,"1999-06-17 11:00:00","2018-07-10 9:00:00",6963,19.076,60,5,34.4897946971918,167119,"Temperate",4.98009607933333e-07,4.89946638912481e-07,5.0747949e-07,5.717508814e-07
"26","37.2","France, Port-Cros National Park",6.377994,43.016405,"1999-06-17 11:00:00","2018-07-10 9:00:00",6963,19.076,60,10,13.5998898988146,167119,"Temperate",4.8391785205e-07,4.74842716486095e-07,4.91260534e-07,5.583888348e-07
"27","38.1","France, Scandola Nature Reserve",8.54635,42.3802,"2004-05-15 12:00:00","2018-10-24 9:00:00",5275,14.452,60,5,22.3600129540841,126601,"Temperate",5.52372167e-07,5.12420099410964e-07,5.83286128e-07,6.697416538e-07
"28","38.2","France, Scandola Nature Reserve",8.54635,42.3802,"2004-05-15 12:00:00","2018-10-24 9:00:00",5275,14.452,60,10,7.43990963736463,126601,"Temperate",5.63697971e-07,5.59414245012396e-07,5.76616967e-07,6.487033848e-07
"29","76.1","Germany, Fehmarn",11.15,54.6,"2012-11-15 14:29:00","2020-08-10 18:29:00",2825,7.74,60,1,62.3700317085761,67805,"Temperate",3.513624984e-07,2.840416285921e-07,4.27817461e-07,5.53560199e-07
"30","76.2","Germany, Fehmarn",11.15,54.6,"2012-11-15 13:29:00","2020-08-10 18:29:00",2825,7.74,60,3,64.6506208890069,67806,"Temperate",3.354472574e-07,2.74511924233906e-07,4.14613497e-07,5.240072468e-07
"31","76.3","Germany, Fehmarn",11.15,54.6,"2012-11-15 13:29:00","2019-12-06 6:29:00",2577,7.059,60,10,68.2998609359335,61842,"Temperate",2.59668881e-07,2.04944369768904e-07,1.36142243e-07,4.857199152e-07
"32","77.1","Germany, Cape Arkona",13.8666,54.8833,"2012-11-09 19:00:00","2020-08-19 15:00:00",2840,7.78,60,2,15.3293132033393,68157,"Temperate",4.467064595e-07,4.39820652174358e-07,4.42416429e-07,5.40294178e-07
"33","77.2","Germany, Cape Arkona",13.8666,54.8833,"2012-11-09 19:00:00","2020-08-19 15:00:00",2840,7.78,60,5,15.2999691887847,68157,"Temperate",4.44189623375e-07,4.3443207236737e-07,4.31547547e-07,5.729164003e-07
"34","77.3","Germany, Cape Arkona",13.8666,54.8833,"2012-11-09 19:00:00","2020-08-19 15:00:00",2840,7.78,60,7,15.3395836084335,68157,"Temperate",4.578120005e-07,4.43774030708639e-07,4.41071149e-07,6.005363594e-07
"35","78.1","Germany, Kiel Lighthouse",10.268,54.5,"2012-11-09 19:09:00","2020-08-20 13:09:00",2841,7.783,60,0.5,24.3902081286027,68179,"Temperate",4.14602446625e-07,4.0464618151742e-07,4.147236105e-07,5.193106088e-07
"36","78.2","Germany, Kiel Lighthouse",10.268,54.5,"2012-11-09 19:09:00","2020-08-20 13:09:00",2841,7.783,60,1,17.8500711362736,68179,"Temperate",4.299584765e-07,4.23627407120673e-07,4.239108415e-07,5.096516496e-07
"37","78.3","Germany, Kiel Lighthouse",10.268,54.5,"2012-11-09 19:09:00","2020-08-20 13:09:00",2841,7.783,60,2,19.6600126138547,68179,"Temperate",4.32226203625e-07,4.27566251605865e-07,4.13494356e-07,5.041642677e-07
"38","78.4","Germany, Kiel Lighthouse",10.268,54.5,"2012-11-09 19:09:00","2020-08-20 13:09:00",2841,7.783,60,4,15.699848927089,68179,"Temperate",4.1225757975e-07,4.06708527188983e-07,4.0084408e-07,4.848952568e-07
"39","78.5","Germany, Kiel Lighthouse",10.268,54.5,"2012-11-09 19:09:00","2020-08-20 13:09:00",2841,7.783,60,8,24.6102172223119,68179,"Temperate",3.69303928125e-07,3.49836872651062e-07,3.871822815e-07,4.623542157e-07
"40","79.1","Germany, North Sea",6.583333,54,"2010-09-23 3:15:00","2020-07-03 2:22:00",3571,9.783,60,3,68.6502380285634,85704,"Temperate",2.793038965e-07,2.73482298139507e-07,2.786402575e-07,3.509095233e-07
"41","79.2","Germany, North Sea",6.583333,54,"2010-09-23 0:15:00","2020-03-16 6:22:00",3462,9.486,60,6,64.7800710030688,83095,"Temperate",2.84228914625e-07,2.7669752783484e-07,3.18298063e-07,3.366996743e-07
"42","80.1","Germany, North Sea",7.1583,55.19499,"2011-09-20 12:22:00","2020-02-23 1:29:00",3078,8.432,60,6,83.0494706344264,73862,"Temperate",2.528916424e-07,2.37985650593617e-07,2.77081167e-07,3.30791463e-07
"43","80.2","Germany, North Sea",7.1583,55.19499,"2011-09-20 12:22:00","2020-02-25 8:29:00",3080,8.438,60,12,84.5705318127089,73917,"Temperate",2.269203692e-07,2.17272663595882e-07,2.54592495e-07,2.789260938e-07
"44","81.1","Germany, North Sea",6.35,54.16667,"2010-09-19 22:43:00","2020-02-03 23:41:00",3424,9.381,60,6,60.3799070310789,82178,"Temperate",2.48752116777778e-07,1.96688023965013e-07,2.76977334e-07,3.972656228e-07
"45","81.2","Germany, North Sea",6.35,54.16667,"2010-09-19 22:43:00","2020-04-08 13:41:00",3489,9.558,60,10,61.6995617962771,83751,"Temperate",3.803914358e-07,3.24665887544615e-07,3.2514452e-07,5.270409213e-07
"46","82.1","Germany, North Sea",6.783333,54.68333,"2011-08-08 20:45:00","2018-09-14 5:27:00",2593,7.105,60,4,78.9298839691226,62311,"Temperate",3.195757e-07,3.10277628674957e-07,3.214456435e-07,3.984728095e-07
"47","82.2","Germany, North Sea",6.783333,54.68333,"2010-09-23 12:45:00","2020-07-03 6:27:00",3571,9.783,60,6,73.8495260525365,85769,"Temperate",2.60332027375e-07,2.56342656878297e-07,2.804345235e-07,2.890834964e-07
"48","82.3","Germany, North Sea",6.783333,54.68333,"2011-08-10 1:45:00","2020-07-03 6:27:00",3250,8.905,60,11,73.5706234950561,78076,"Temperate",2.75211603142857e-07,2.54827218710614e-07,2.55099671e-07,3.734440532e-07
"49","83","Germany, Heligoland",7.867,54.16,"2015-04-12 0:23:00","2018-09-25 11:39:00",1262,3.459,30,0.5,57.0299480240904,60605,"Temperate",3.2446059225e-07,3.19451553577981e-07,3.442767965e-07,3.673765423e-07
"50","84","Germany, Heligoland",7.891111,54.17972,"2011-04-20 14:31:00","2020-07-03 6:02:00",3362,9.21,30,0.5,56.1797544074755,161487,"Temperate",4.04669044e-07,3.9356486723819e-07,3.70053393e-07,4.88426272e-07
"51","85","Germany, North Sea",8.117,54,"2011-04-20 11:12:00","2020-07-03 3:36:00",3362,9.21,30,0.5,46.5699992570396,161516,"Temperate",3.666167004e-07,3.48145643470082e-07,4.0043589e-07,4.575490002e-07
"52","87","Germany, Jade Bight",8.188217,53.516566,"2007-04-11 12:20:00","2011-11-14 14:40:00",1678,4.598,10,4,9.81017765583682,241647,"Temperate",5.185798874e-07,5.10179274904614e-07,5.43219029e-07,5.885105724e-07
"53","88.1","Germany, North Sea",6.333333,55,"2011-05-27 11:30:00","2019-03-19 7:25:00",2853,7.816,60,3,57.5093331009137,68841,"Temperate",3.02179089571429e-07,2.75690643496018e-07,3.03199357e-07,4.422846594e-07
"54","88.2","Germany, North Sea",6.333333,55,"2011-05-21 16:30:00","2019-03-19 7:25:00",2859,7.832,60,6,57.369680272602,68965,"Temperate",2.56456216571429e-07,2.3809866610417e-07,2.70538548e-07,3.414736458e-07
"55","88.3","Germany, North Sea",6.333333,55,"2011-05-27 11:30:00","2019-03-19 7:25:00",2853,7.816,60,11,55.2398641785414,68914,"Temperate",2.70622122e-07,2.5564437741528e-07,2.98874848e-07,3.632968542e-07
"56","89.1","Croatia, Kornati",15.22,43.836389,"2009-05-09 23:00:00","2016-05-20 10:00:00",2567,7.034,60,5,8.65952612788056,61620,"Temperate",6.134998655e-07,5.04843956437938e-07,7.169058365e-07,7.493407319e-07
"57","89.2","Croatia, Kornati",15.22,43.836389,"2009-05-09 23:00:00","2016-05-20 10:00:00",2567,7.034,60,10,1.31937682570594,61620,"Temperate",5.28399780125e-07,4.33913570618027e-07,5.958091585e-07,6.687518625e-07
"58","102","Spain, Columbretes Nature Reserve",0.682778,39.897111,"2004-06-28 20:00:00","2020-10-21 16:00:00",5958.833333,16.326,60,5,0.0699232242997189,143014,"Temperate",6.49067361529412e-07,6.45736519018314e-07,6.5704621e-07,7.185673082e-07
"59","103","Canada, Bay Bulls",-52.79167,47.30972,"2011-01-18 1:30:00","2015-03-21 9:30:00",1523.333333,4.174,30,4,19.1597604004267,73122,"Temperate",2.379316726e-07,1.64671349875176e-07,2.77762637e-07,3.282241562e-07
"60","150","Australia",149.3786,-19.7641,"2015-02-01 0:00:00","2019-04-20 0:00:00",1539,4.216,10,2,7.73992969853396,221617,"Tropical",4.682477528e-07,4.46439489494199e-07,5.12318794e-07,5.626337672e-07
"61","159","Australia",150.8538,-21.0266,"2013-12-08 0:05:00","2018-03-06 0:00:00",1548.996343,4.244,10,7,3.60014185097567,222769,"Subtropical",4.00258199e-07,3.78034332406596e-07,4.47379057e-07,4.939926138e-07
"62","160","Australia",151.4654,-21.4552,"2016-03-11 14:00:00","2019-09-14 0:00:00",1281.416667,3.511,10,2.6,4.86004606421894,184525,"Subtropical",5.0348668175e-07,5.03069165093659e-07,5.10019856e-07,5.215297576e-07
"63","162","Australia",151.4654,-21.4547,"2013-12-07 0:09:00","2019-09-16 0:00:00",2108.993079,5.778,10,8,1.54987612207666,303121,"Subtropical",4.32529900666667e-07,4.31874649644732e-07,4.27028799e-07,4.574951185e-07
"64","164","Australia",151.6414,-21.4072,"2016-03-11 0:04:00","2019-09-14 0:00:00",1281.996782,3.512,10,1.5,11.6698585619653,184321,"Subtropical",4.4438966525e-07,4.43594320483961e-07,4.385255045e-07,4.748561346e-07
"65","166","Australia",151.6384,-21.4054,"2016-03-11 0:00:00","2019-09-14 0:00:00",1282,3.512,10,8,7.89993987292061,184609,"Subtropical",4.29623734e-07,4.28824445067764e-07,4.1832649e-07,4.596190452e-07
"66","169","Australia",152.5502,-21.1085,"2011-11-20 0:02:00","2016-01-04 23:57:00",1506.996412,4.129,10,8.3,5.56985022871477,216864,"Subtropical",3.360806652e-07,3.17252244842295e-07,3.78922236e-07,3.933494942e-07
"67","171","Australia",152.3069,-21.9471,"2013-09-03 0:03:00","2020-01-12 0:00:00",2321.997373,6.362,10,1.7,6.20990843483128,334079,"Subtropical",4.96884530285714e-07,4.94967627186137e-07,5.11339109e-07,5.381173212e-07
"68","172","Australia",152.3168,-21.9612,"2016-01-16 14:10:00","2020-01-12 13:50:00",1456.986111,3.992,10,9,3.58996601638649,209807,"Subtropical",4.0125125625e-07,4.01133989701611e-07,4.025700415e-07,4.110287444e-07
"69","173","Australia",150.3807,-21.0266,"2012-01-21 0:01:00","2019-09-20 13:50:00",2799.575694,7.67,10,9,25.8900776159092,403139,"Subtropical",3.93650678428571e-07,3.68665671734209e-07,4.25798181e-07,4.662316078e-07
"70","177","Australia",159.0684,-31.5623,"2009-02-28 0:04:00","2013-04-07 23:55:00",1499.994236,4.11,10,8.3,1.67019459298871,215424,"Subtropical",3.381424606e-07,2.8593494510312e-07,3.8825081e-07,4.339691082e-07
"71","178","Australia",146.0871,-16.6891,"1996-03-28 0:00:00","2008-11-15 13:30:00",4615.5625,12.645,30,2.5,20.5901204253706,221548,"Tropical",5.53048458461538e-07,5.36318900842533e-07,5.81338474e-07,6.677524886e-07
"72","179","Australia",146.1107,-16.6461,"1996-03-28 0:00:00","2008-11-15 13:30:00",4615.5625,12.645,30,7.2,21.2100421582877,221546,"Tropical",5.45730641916667e-07,5.39695856044704e-07,5.598268175e-07,6.320203579e-07
"73","186","Australia",96.8174,-11.8297,"2002-04-06 0:30:00","2008-05-31 23:22:00",2247.952778,6.159,60,10,49.2307977461447,53952,"Tropical",2.507822408e-07,2.36487054060779e-07,2.40669685e-07,3.48408001e-07
"74","188","Australia",151.0707,-23.1578,"2011-05-10 14:09:00","2020-04-30 0:00:00",3277.410069,8.979,10,4.2,56.2299236356548,471948,"Subtropical",4.451249906e-07,2.92975417700275e-07,4.81504195e-07,6.353773276e-07
"75","192","Australia",115.7061,-32.3723,"2012-05-16 0:00:00","2016-12-21 0:00:00",1680,4.603,30,3,41.2904105851862,80641,"Subtropical",4.1081828075e-07,4.0328610962002e-07,4.44880035e-07,4.646226163e-07
"76","195","Australia",145.4872,-16.2445,"1996-03-31 0:00:00","2007-03-12 13:30:00",3998.5625,10.955,30,0.1,22.6001917345727,191932,"Tropical",5.97572646727273e-07,5.84254638594679e-07,6.51231959e-07,6.93646106e-07
"77","197","Australia",141.9113,-10.6031,"2012-12-17 0:00:00","2017-12-04 0:00:00",1812.999769,4.967,10,1.9,65.4000988229346,261073,"Tropical",6.25122298e-07,6.21808708180321e-07,6.09667248e-07,6.909652e-07
"78","198","Australia",149.0319,-20.171,"2013-04-20 14:03:00","2017-03-02 0:00:00",1411.413935,3.867,10,1.6,6.15021279736279,203245,"Subtropical",5.7576071475e-07,5.75650672459017e-07,5.72304745e-07,5.88445507e-07
"79","199","Australia",149.0377,-20.1819,"2011-03-24 13:59:00","2017-03-02 0:00:00",2169.416678,5.944,10,9.3,3.05988853926254,312397,"Subtropical",5.056299815e-07,5.04284622009987e-07,5.077229495e-07,5.45579138e-07
"80","200","Australia",152.2725,-23.747,"2013-09-13 14:05:00","2020-01-06 13:50:00",2305.989248,6.318,10,1.3,2.07008910959667,332063,"Subtropical",7.58069254285714e-07,7.46823607820042e-07,8.02637645e-07,8.547051774e-07
"81","201","Australia",152.2747,-23.7452,"2013-09-13 14:06:00","2020-01-06 13:50:00",2305.988611,6.318,10,7,2.84011515852366,332064,"Subtropical",4.42707864571429e-07,4.37533520644172e-07,4.61295996e-07,4.862353006e-07
"82","202","Australia",143.8767,-9.4732,"2011-12-14 0:00:00","2020-11-03 0:00:00",3246.999618,8.896,10,3,57.2199730094467,467571,"Tropical",5.188303186e-07,4.9814096887085e-07,5.28480077e-07,6.773069234e-07
"83","204","Australia",143.8767,-9.1395,"2011-12-14 0:02:00","2020-11-03 0:00:00",3246.998553,8.896,10,5.1,56.9199412279257,467569,"Tropical",5.077565718e-07,4.86271764183534e-07,5.2948321e-07,6.463358414e-07
"84","212","Australia",147.9052,-19.8508,"2016-05-05 0:00:00","2019-10-13 0:00:00",1256,3.441,10,2,7.05996184999862,180865,"Tropical",5.78867415e-07,5.56073430880243e-07,6.2766149e-07,7.06684567e-07
"85","219","Australia",146.4833,-18.5719,"1993-02-12 0:00:00","2009-06-18 14:00:00",5970.583333,16.358,30,4,8.16011779935727,286589,"Tropical",7.34793819e-07,7.32014977513393e-07,7.22048999e-07,8.055018136e-07
"86","222","Australia",146.483,-18.5718,"1993-03-30 14:30:00","2009-06-18 14:00:00",5923.979167,16.23,30,7,29.1800303848751,284352,"Tropical",5.21831146e-07,4.90223517318396e-07,5.82644858e-07,6.624227682e-07
"87","224","Australia",145.3115,-14.9522,"1998-05-14 0:00:00","2008-05-03 13:30:00",3642.5625,9.98,30,0,10.8599665987966,174844,"Tropical",7.836693999e-07,7.78623006227671e-07,7.72287945e-07,8.608556084e-07
"88","226","Australia",142.2799,-10.6893,"2013-12-10 14:00:00","2017-12-03 23:56:00",1454.413669,3.985,10,1.3,36.729899683437,209437,"Tropical",5.4266230275e-07,5.08907725772231e-07,5.605529635e-07,7.305868001e-07
"89","227","Australia",147.7199,-18.6534,"2009-04-30 14:08:00","2017-05-10 13:50:00",2931.987407,8.033,10,3,26.7300632386727,422210,"Tropical",5.0099247925e-07,4.54621009916306e-07,5.63045969e-07,6.133597771e-07
"90","228","Australia",152.664,-21.9973,"2013-09-20 0:04:00","2020-09-01 0:00:00",2537.997072,6.953,10,2.5,6.94004755481253,365473,"Subtropical",5.79069567285714e-07,5.76027933791022e-07,5.99176527e-07,6.288042426e-07
"91","229","Australia",152.6686,-21.9979,"2015-02-01 0:00:00","2020-08-26 23:50:00",2033.99331,5.573,10,10,3.47015001809504,292898,"Subtropical",3.93604386166667e-07,3.91891484762201e-07,3.792397375e-07,4.38656439e-07
"92","230","Australia",147.7217,-18.6521,"2009-04-30 14:18:00","2021-03-20 0:00:00",4341.403576,11.894,10,9,37.88007965897,625165,"Tropical",3.352573915e-07,2.38723633451646e-07,3.968108325e-07,5.005279295e-07
"93","232","Australia",105.668,-10.4295,"2009-11-24 17:27:00","2017-06-19 23:59:00",2764.272361,7.573,10,2.5,73.3700472071411,398033,"Tropical",2.85993068e-07,2.79422582233443e-07,2.58658391e-07,3.505281422e-07
"94","233","Australia",105.6672,-10.4287,"2009-11-24 17:07:00","2017-06-19 23:58:00",2764.284965,7.573,10,12,55.1201081249466,398058,"Tropical",2.791457486e-07,2.69808540101783e-07,3.17333113e-07,3.372414674e-07
"95","236","Australia",119.3704,-17.2838,"2009-06-25 16:27:00","2020-08-11 23:57:00",4065.31265,11.138,10,6,38.1200803542145,585408,"Tropical",4.30219362454545e-07,3.82940610408494e-07,4.73203441e-07,5.93709382e-07
"96","237","Australia",119.3604,-17.253,"2015-10-12 16:10:00","2020-08-12 0:00:00",1765.326389,4.837,10,7,20.9698357250755,254208,"Tropical",4.677433838e-07,4.32809782071137e-07,5.16055994e-07,5.727583312e-07
"97","240","Australia",159.0654,-31.5391,"2009-03-04 0:03:00","2013-04-08 12:51:00",1496.533912,4.1,10,4,12.71020491499,215504,"Subtropical",4.250353956e-07,3.99710587557178e-07,4.50155198e-07,5.316120534e-07
"98","242","Australia",113.7532,-23.1305,"2012-12-02 16:30:00","2016-11-05 0:00:00",1433.3125,3.927,30,4.9,12.4302325581395,68800,"Subtropical",4.9887420525e-07,4.95347118151023e-07,4.895693805e-07,5.621498493e-07
"99","244","Australia",143.5112,-12.5847,"2017-11-23 0:00:00","2020-12-12 0:00:00",1115,3.055,10,7.6,2.88986740242026,160561,"Tropical",4.3920259975e-07,4.01077753045521e-07,5.22222874e-07,5.330926889e-07
"100","245","Australia",147.6339,-18.8312,"2010-03-03 14:18:00","2019-06-29 0:00:00",3404.403796,9.327,10,4.4,70.0400819998164,490245,"Tropical",4.191054366e-07,4.05745774007466e-07,4.48694098e-07,4.99537103e-07
"101","246","Australia",147.634,-18.8313,"2009-12-17 14:18:00","2019-06-29 0:00:00",3480.403993,9.535,10,8.4,33.9500100762,501181,"Tropical",4.35181870125e-07,4.31165248797013e-07,4.41802468e-07,5.098886322e-07
"102","275","Australia",148.8122,-20.2557,"2009-07-21 14:19:00","2014-07-08 23:50:00",1813.396389,4.968,10,4,1.70985666307973,261133,"Subtropical",6.053171312e-07,6.02888269481761e-07,6.08154673e-07,6.667225378e-07
"103","278","Australia",150.8694,-9.7363,"2011-04-28 0:06:00","2016-10-05 23:52:00",1987.990289,5.447,10,3.8,32.6699782025486,286272,"Tropical",3.804595004e-07,3.70082299255129e-07,3.74281644e-07,4.867154342e-07
"104","291","Australia",152.7647,-21.1036,"2009-04-19 14:14:00","2014-10-13 23:54:00",2003.402685,5.489,10,2.5,22.5800189951957,288494,"Subtropical",3.40979074833333e-07,3.08450686742074e-07,3.760513215e-07,4.591029085e-07
"105","297","Australia",146.5315,-17.79,"2015-12-18 0:00:00","2020-02-23 0:00:00",1528,4.186,10,1.5,16.3498202542346,220033,"Tropical",5.582665256e-07,5.48578699535736e-07,6.03125385e-07,6.300357136e-07
"106","298","Australia",146.5324,-17.7912,"2015-12-18 0:00:00","2020-02-23 0:00:00",1528,4.186,10,7,3.18997604904719,220033,"Tropical",4.448461758e-07,4.33446934338334e-07,5.0279648e-07,5.17925203e-07
"107","299","Australia",146.3887,-17.519,"2012-03-01 0:08:00","2020-02-22 0:00:00",2913.994086,7.984,10,1.8,30.8300188028607,419617,"Tropical",5.434421985e-07,4.97640351614288e-07,6.170261e-07,7.058501054e-07
"108","300","Australia",146.3905,-17.5179,"2012-03-01 0:06:00","2020-02-22 0:00:00",2913.995544,7.984,10,7.6,2.67005388246901,419617,"Tropical",5.647219085e-07,5.63315089912983e-07,5.591261935e-07,6.142427443e-07
"109","301","Australia",145.9963,-16.9233,"2004-10-24 14:30:00","2009-08-22 13:30:00",1762.958333,4.83,30,3,1.29988301052905,84623,"Tropical",6.36429069923077e-07,6.30950601753211e-07,6.30795163e-07,7.319007814e-07
"110","304","Australia",146.0904,-17.227,"2009-08-21 14:15:00","2020-07-19 0:00:00",3984.405648,10.916,10,3,31.1000456638513,573758,"Tropical",4.749071349e-07,4.00002757439457e-07,5.539921575e-07,6.126535025e-07
"111","305","Australia",153.211,-30.1309,"2002-02-14 13:00:00","2011-03-17 0:00:00",3317.458333,9.089,30,8.5,11.8199687262542,159239,"Subtropical",4.072878628e-07,4.0508504806943e-07,4.14479491e-07,4.478484452e-07
"112","308","Australia",146.8607,-19.1557,"1992-12-20 0:00:00","1996-01-03 0:00:00",1109,3.038,30,0,37.9092702169625,53235,"Tropical",8.0035998375e-07,7.75971044584112e-07,8.67846103e-07,9.408015857e-07
"113","310","Australia",146.8645,-19.1549,"1992-12-18 14:30:00","2010-05-24 13:30:00",6365.958333,17.441,30,2,32.3299560163368,305568,"Tropical",8.13181226555556e-07,7.98897115114532e-07,8.54371826e-07,9.372915464e-07
"114","312","Australia",146.8685,-19.1549,"2016-09-19 14:06:00","2020-04-05 0:00:00",1293.412384,3.544,10,5,6.26996612135107,186253,"Tropical",6.8418386475e-07,6.83154539037945e-07,6.877605095e-07,7.222220911e-07
"115","313","Australia",146.8617,-19.1567,"1992-12-20 0:11:00","1996-01-03 0:00:00",1108.992361,3.038,30,4,11.3592816620957,53234,"Tropical",6.1751562975e-07,5.58650181360787e-07,7.14685883e-07,7.984860732e-07
"116","320","Australia",145.9803,-16.7755,"1997-10-21 14:30:00","2008-11-15 13:30:00",4042.958333,11.077,30,6,27.3601871557175,194063,"Tropical",6.13368006222222e-07,5.90469825260091e-07,5.509680265e-07,8.638467109e-07
"117","321","Australia",153.2273,-30.159,"2001-03-03 13:00:00","2011-03-17 0:00:00",3665.458333,10.042,30,9.4,20.520048878911,175945,"Subtropical",3.733408696e-07,3.66071587451047e-07,4.028932075e-07,4.246066493e-07
"118","323","United States, Santa Barbara",-120.12005,34.46672,"2001-01-01 0:00:00","2004-12-31 23:40:00",1460.986111,4.003,20,5.3,31.3303293026086,105192,"Subtropical",2.74340744e-07,2.73582707883095e-07,2.74629663e-07,2.959913967e-07
"119","324","United States, Santa Barbara",-120.28998,34.46085,"1999-01-01 0:00:00","2020-12-31 23:40:00",8035.986111,22.016,20,5,62.849987555998,578592,"Subtropical",3.164942968e-07,3.10369423627078e-07,3.08267359e-07,3.977714864e-07
"120","325","United States, Santa Barbara",-120.11965,34.46495,"2004-01-01 0:00:00","2021-02-25 16:20:00",6265.680556,17.166,20,4.2,16.6798927138519,451130,"Subtropical",3.09775282944444e-07,2.98228988682584e-07,3.239353115e-07,3.644795403e-07
"121","326","United States, Santa Barbara",-119.5399,34.39015,"2001-01-01 0:00:00","2021-01-15 21:20:00",7319.888889,20.054,20,4.3,7.15002665867223,527033,"Subtropical",3.07690103333333e-07,2.80995799186581e-07,3.13166659e-07,3.96355677e-07
"122","327","United States, Santa Barbara",-119.73012,34.39323,"2005-01-01 0:00:00","2021-03-18 15:40:00",5920.652778,16.221,20,4.8,19.3200371579777,426288,"Subtropical",3.054850205625e-07,2.89867975574897e-07,3.173057275e-07,3.92875879e-07
"123","328","United States, Santa Barbara",-119.95032,34.42388,"2001-01-01 0:00:00","2021-03-24 19:20:00",7387.805556,20.241,20,5.2,8.43994337526296,531923,"Subtropical",2.85221855952381e-07,2.75289594082684e-07,2.84815291e-07,3.47852507e-07
"124","329","United States, Santa Barbara",-119.68575,34.4104667,"2005-01-01 0:00:00","2021-03-03 23:00:00",5905.958333,16.181,20,2.9,28.1699315664464,425230,"Subtropical",2.66777258470588e-07,2.28240582939995e-07,3.03353858e-07,4.072345804e-07
"125","330.1","United States, Santa Barbara",-119.3681,34.0109,"2003-04-11 21:00:00","2013-04-13 12:00:00",3654.625,10.013,60,3,10.609722728931,87712,"Subtropical",2.83365601909091e-07,2.45535484749125e-07,3.0180573e-07,3.98746536e-07
"126","330.2","United States, Santa Barbara",-119.3681,34.0109,"2003-04-11 21:00:00","2013-04-13 12:00:00",3654.625,10.013,60,9,11.4602334914265,87712,"Subtropical",2.80576882454545e-07,2.49137333627865e-07,3.1131905e-07,3.78500946e-07
"127","333.1","United States, Santa Barbara",-120.0829,34.0246,"2009-01-15 18:00:00","2012-10-03 12:00:00",1356.75,3.717,60,3,15.0692503761938,32563,"Subtropical",1.97262682e-07,1.93469822341715e-07,2.10883444e-07,2.271302411e-07
"128","333.2","United States, Santa Barbara",-120.0829,34.0246,"2009-01-15 18:00:00","2012-10-03 12:00:00",1356.75,3.717,60,9,1.4310720756687,32563,"Subtropical",1.9792066075e-07,1.94267944642568e-07,2.10072208e-07,2.284980281e-07
"129","334.1","United States, Santa Barbara",-120.3523,34.0592,"2008-07-08 4:00:00","2013-08-19 14:00:00",1868.416667,5.119,60,3,22.8307651138416,44843,"Subtropical",1.652509045e-07,1.62456869705789e-07,1.661024645e-07,1.98044324e-07
"130","334.2","United States, Santa Barbara",-120.3523,34.0592,"2008-07-08 4:00:00","2013-06-05 8:00:00",1793.166667,4.913,60,9,14.3806492088203,43037,"Subtropical",1.706021028e-07,1.6826122958485e-07,1.67262861e-07,1.984450242e-07
"131","336.1","United States, Santa Barbara",-119.8244,34.0587,"2000-04-18 17:00:00","2005-02-24 17:00:00",1773,4.858,60,3,11.7101026954621,42553,"Subtropical",2.702989684e-07,2.66997221141415e-07,2.69244223e-07,3.151955792e-07
"132","336.2","United States, Santa Barbara",-119.8244,34.0587,"2000-04-18 17:00:00","2005-02-24 17:00:00",1773,4.858,60,9,9.70084365379644,42553,"Subtropical",2.656508086e-07,2.62557663789752e-07,2.65684746e-07,3.111174274e-07
"133","337.1","United States, Santa Barbara",-119.3604,34.0174,"2000-06-28 17:00:00","2004-06-27 15:00:00",1459.916667,4,60,4,12.9998002226091,35039,"Subtropical",2.084773084e-07,1.53174113625492e-07,2.34227062e-07,2.926045102e-07
"134","337.2","United States, Santa Barbara",-119.3604,34.0174,"2000-06-28 17:00:00","2004-06-27 15:00:00",1459.916667,4,60,12,13.0511715516995,35039,"Subtropical",2.4005358e-07,2.32904578193306e-07,2.39175274e-07,3.012702536e-07
"135","337.3","United States, Santa Barbara",-119.3604,34.0174,"2001-02-02 18:00:00","2004-06-27 15:00:00",1240.875,3.4,60,8,9.02894365724263,29782,"Subtropical",2.3591329475e-07,2.31766244887426e-07,2.273082035e-07,2.868127696e-07
"136","338.1","United States, Santa Barbara",-119.8548,33.9666,"2005-01-14 16:00:00","2013-02-01 8:00:00",2939.666667,8.054,60,3,6.7906396609641,70553,"Subtropical",2.76754844444444e-07,2.46740089846295e-07,2.95520549e-07,3.520630838e-07
"137","338.2","United States, Santa Barbara",-119.8548,33.9666,"2005-01-14 16:00:00","2013-06-01 8:00:00",3059.666667,8.383,60,9,8.82028515789904,73433,"Subtropical",2.86734844888889e-07,2.79807823807739e-07,2.91863303e-07,3.523910966e-07
"138","339.1","United States, Santa Barbara",-119.6967,34.0307,"2000-04-18 19:00:00","2013-05-03 8:00:00",4762.541667,13.048,60,3,7.39969554338507,114302,"Subtropical",2.74924451642857e-07,2.64394896691624e-07,2.841086455e-07,3.338944593e-07
"139","339.2","United States, Santa Barbara",-119.6967,34.0307,"2000-04-18 19:00:00","2013-02-02 8:00:00",4672.541667,12.801,60,9,10.459952560147,112142,"Subtropical",2.76523436615385e-07,2.72743276776903e-07,2.75043081e-07,3.290359572e-07
"140","340.1","United States, Santa Barbara",-119.9416,34.066,"2005-01-13 22:00:00","2013-05-10 4:00:00",3038.25,8.324,60,3,5.67067568123534,72919,"Subtropical",2.55833524333333e-07,2.45083356453436e-07,2.68918209e-07,3.152059146e-07
"141","340.2","United States, Santa Barbara",-119.9416,34.066,"2005-01-13 22:00:00","2013-05-10 4:00:00",3038.25,8.324,60,9,9.11010847652875,72919,"Subtropical",2.42147499777778e-07,2.30421145848946e-07,2.62866835e-07,2.852331162e-07
"142","341.1","United States, Santa Barbara",-119.56,34.0549,"2000-04-27 20:00:00","2013-05-10 4:00:00",4760.333333,13.042,60,3,14.9104149708094,114249,"Subtropical",2.49552619642857e-07,2.35346515072478e-07,2.593395045e-07,3.42833887e-07
"143","341.2","United States, Santa Barbara",-119.56,34.0549,"2000-04-27 20:00:00","2013-05-10 4:00:00",4760.333333,13.042,60,9,11.9099510717818,114249,"Subtropical",2.58819146285714e-07,2.49033929225944e-07,2.601638145e-07,3.40235041e-07
"144","342.1","United States, Santa Barbara",-119.5384,34.0116,"2000-04-27 19:00:00","2013-05-12 11:00:00",4762.666667,13.048,60,3,19.1303967455492,114305,"Subtropical",2.87817362285714e-07,2.77612328461581e-07,2.86458718e-07,3.806097843e-07
"145","342.2","United States, Santa Barbara",-119.5384,34.0116,"2000-04-27 19:00:00","2013-05-12 11:00:00",4762.666667,13.048,60,9,15.3702812650365,114305,"Subtropical",2.89220683928571e-07,2.7977044843138e-07,2.87682227e-07,3.780314058e-07
"146","343.1","United States, Santa Barbara",-120.3455,34.057,"2003-05-21 19:00:00","2008-06-29 15:00:00",1865.833333,5.112,60,3,47.5804470646033,44781,"Subtropical",1.74267709e-07,1.44113144519253e-07,2.11275619e-07,2.592312688e-07
"147","343.2","United States, Santa Barbara",-120.3455,34.057,"2003-04-26 12:00:00","2008-06-29 15:00:00",1891.125,5.181,60,9,49.2398871948533,45388,"Subtropical",2.0868211375e-07,1.9888453761279e-07,2.140506295e-07,2.663193686e-07
"148","344.1","United States, Santa Barbara",-120.3311,34.0159,"2003-04-27 10:00:00","2013-05-02 8:00:00",3657.916667,10.022,60,3,4.51982549464068,87791,"Subtropical",2.31874224272727e-07,2.18113880059243e-07,2.23194461e-07,2.9047076e-07
"149","344.2","United States, Santa Barbara",-120.3311,34.0159,"2003-04-27 0:00:00","2013-05-02 8:00:00",3658.333333,10.023,60,9,3.70041343492671,87801,"Subtropical",2.26321250545455e-07,2.10852675403204e-07,2.18702503e-07,2.6898401e-07
"150","345.1","United States, Santa Barbara",-120.08,34.0261,"2003-04-17 1:00:00","2009-01-15 18:00:00",2100.708333,5.755,60,3,54.050140822722,50418,"Subtropical",1.871593308e-07,1.80339013683813e-07,1.77273583e-07,2.397073554e-07
"151","345.2","United States, Santa Barbara",-120.08,34.0261,"2003-04-17 3:00:00","2009-01-15 18:00:00",2100.625,5.755,60,9,54.0403840050778,50416,"Subtropical",1.865344198e-07,1.79887779972988e-07,1.83881553e-07,2.337401398e-07
"152","346.1","United States, Santa Barbara",-120.1278,33.8958,"2003-04-17 5:00:00","2012-10-02 19:00:00",3456.583333,9.47,60,3,4.15988620885015,82959,"Subtropical",2.812250413e-07,2.76537535346219e-07,2.770181495e-07,3.271619909e-07
"153","346.2","United States, Santa Barbara",-120.1278,33.8958,"2003-03-06 3:00:00","2013-06-01 8:00:00",3740.208333,10.247,60,9,5.09992647550297,89766,"Subtropical",2.60240380181818e-07,2.53740314598173e-07,2.53719906e-07,2.97929177e-07
"154","347.1","United States, Santa Barbara",-119.9101,34.051,"2000-04-27 16:00:00","2013-05-20 16:00:00",4771,13.071,60,3,11.2903366665211,114505,"Subtropical",2.633169595e-07,2.54964366401957e-07,2.594915975e-07,3.394069375e-07
"155","347.2","United States, Santa Barbara",-119.9101,34.051,"2000-04-27 16:00:00","2013-05-20 16:00:00",4771,13.071,60,9,14.3399851534867,114505,"Subtropical",2.55566275142857e-07,2.46942361285079e-07,2.48504149e-07,3.303704116e-07
"156","348.1","United States, Santa Barbara",-119.67,33.9783,"2000-04-27 18:00:00","2013-05-10 4:00:00",4760.416667,13.042,60,3,7.15967475120568,114251,"Subtropical",3.05398295928571e-07,2.89521062002655e-07,3.14003248e-07,3.957395056e-07
"157","348.2","United States, Santa Barbara",-119.67,33.9783,"2000-04-27 18:00:00","2013-05-10 4:00:00",4760.416667,13.042,60,9,5.99031955956622,114251,"Subtropical",2.99652907642857e-07,2.85177938762551e-07,3.03224976e-07,3.882763941e-07
"158","349.1","United States, Santa Barbara",-119.7527,33.9594,"2000-04-27 17:00:00","2004-10-22 16:00:00",1638.958333,4.49,60,3,7.48932275777913,39336,"Subtropical",3.05556186e-07,3.03091451934588e-07,3.05292182e-07,3.508841534e-07
"159","349.2","United States, Santa Barbara",-119.7527,33.9594,"2000-04-27 17:00:00","2004-10-22 16:00:00",1638.958333,4.49,60,9,7.40034573927191,39336,"Subtropical",3.05789006e-07,3.02852217371131e-07,3.08659152e-07,3.539900898e-07
"160","350.1","United States, Santa Barbara",-119.3958,34.0087,"2000-06-28 19:00:00","2013-04-13 3:00:00",4671.333333,12.798,60,3,15.2399810905069,112113,"Subtropical",2.76633454230769e-07,2.72007256286267e-07,2.7873593e-07,3.504331442e-07
"161","350.3","United States, Santa Barbara",-119.3958,34.0087,"2001-02-02 17:00:00","2012-09-20 5:00:00",4247.5,11.637,60,9,13.7599199536987,101941,"Subtropical",2.7835669675e-07,2.7158075464968e-07,2.80438935e-07,3.58861572e-07
"162","351","United States, Bodega Marine Laboratory (BML) Buoy",-123.083028,38.311806,"2012-09-13 13:00:00","2018-11-13 20:00:00",2252.291667,6.171,60,1,68.9895663756105,54056,"Temperate",1.50490089833333e-07,1.1006488656359e-07,1.442575825e-07,2.363388275e-07
"163","352","United States, ca_weather_46145_5238_4013_530d",-132.44,54.37,"2015-05-05 14:00:00","2021-06-28 7:00:00",2245.708333,6.153,60,1,17.7409180303536,53898,"Temperate",1.96443242428571e-07,1.91681403553554e-07,1.90058286e-07,2.441570898e-07
"164","358.1","United States, E01_sbe37_all_bc79_fca7_58ec",-69.355774,43.71517,"2007-05-09 22:00:00","2020-09-15 18:30:00",4877.854167,13.364,30,1,5.60993943742579,234138,"Temperate",4.284617877e-07,4.16576170444368e-07,3.9531755e-07,4.823890386e-07
"165","362","United States, gov_nps_ever_bkyf1_206a_7d6e_f119",-80.834,25.119,"2015-12-11 4:00:00","2021-06-28 7:00:00",2026.125,5.551,60,1.5,10.3500041128568,48628,"Subtropical",1.56517407633333e-06,1.56285959098206e-06,1.5909004765e-06,1.6460430105e-06
"166","363.1","United States, I01_sbe37_all_bc79_fca7_58ec",-68.1085,44.10599,"2007-05-10 8:00:00","2020-02-04 19:30:00",4653.479167,12.749,30,1,2.48021202678987,223368,"Temperate",2.44013358307692e-07,2.38957689652324e-07,2.30536986e-07,3.338865292e-07
"167","370","United States, wmo_41013_ec68_b09d_6402",-77.743,33.436,"2015-12-11 2:20:00","2021-06-28 9:00:00",2026.277778,5.551,10,1,14.200084308074,291787,"Subtropical",8.436805095e-07,8.35781854121398e-07,8.197315525e-07,9.88072884e-07
"168","373","Indian Ocean",67,0,"2014-08-06 11:00:00","2019-10-31 2:10:00",1911.631944,5.237,10,1,0.569973408506372,275276,"Tropical",4.24437939e-07,4.12934405270087e-07,4.50127145e-07,4.984236125e-07
"169","374","Indian Ocean",80.5,0,"2008-08-09 18:20:00","2019-08-15 9:50:00",4022.645833,11.021,10,1,24.5999219696787,579262,"Tropical",3.00912039e-07,2.88668788253413e-07,3.18627457e-07,3.723145169e-07
"170","375","Indian Ocean",90,0,"2004-11-09 6:20:00","2018-05-31 1:40:00",4950.805556,13.564,10,1,28.3199867586269,712917,"Tropical",3.24486389153846e-07,3.22201050445512e-07,3.23962359e-07,3.754574702e-07
"171","376","Indian Ocean",67,1.5,"2016-09-04 21:00:00","2019-11-01 2:10:00",1152.215278,3.157,10,1,0.55026518804243,165920,"Tropical",4.0199922e-07,3.86998201314221e-07,4.509064615e-07,4.697504423e-07
"172","377","Indian Ocean",67,-1.5,"2013-07-24 15:50:00","2019-10-29 1:50:00",2287.416667,6.267,10,1,0.170011749026227,329389,"Tropical",3.87262891714286e-07,3.76749102585568e-07,4.00696858e-07,4.632559546e-07
"173","378","Indian Ocean",80.5,-1.5,"2006-09-06 11:10:00","2019-08-11 3:30:00",4721.680556,12.936,10,1,22.2500194875008,679923,"Tropical",3.19913160666667e-07,3.12925665630442e-07,3.302487255e-07,3.865508422e-07
"174","379","Indian Ocean",90,12,"2008-10-17 16:30:00","2017-01-12 0:40:00",3008.340278,8.242,10,1,1.83009312053038,433202,"Tropical",4.73137938555556e-07,4.63154940517194e-07,5.09732886e-07,5.645828694e-07
"175","381","Indian Ocean",67,-12,"2009-09-13 7:40:00","2013-07-17 12:50:00",1403.215278,3.844,10,1,39.4399794124634,202064,"Tropical",3.65145321e-07,3.04553436798253e-07,4.181730955e-07,5.171626136e-07
"176","382","Indian Ocean",80.5,-12,"2010-05-17 9:00:00","2015-10-22 2:00:00",1983.708333,5.435,10,1,0.140029056029126,285655,"Tropical",4.64305578e-07,4.46303333232482e-07,4.79794527e-07,5.83731798e-07
"177","383","Indian Ocean",93,-12,"2011-03-21 10:20:00","2017-02-25 1:20:00",2167.625,5.939,10,1,39.6198488493908,312139,"Tropical",3.382771475e-07,3.33882910439155e-07,3.457604735e-07,3.871785038e-07
"178","384","Indian Ocean",90,15,"2008-10-19 15:00:00","2019-07-30 5:20:00",3935.597222,10.782,10,1,9.3600622521955,566727,"Tropical",5.10872209272727e-07,4.68816154296394e-07,5.70636904e-07,5.89989091e-07
"179","386","Indian Ocean",90,4,"2006-11-16 5:50:00","2016-03-08 1:00:00",3399.798611,9.315,10,1,48.5099229531101,489572,"Tropical",3.05495683571429e-07,2.98820631104665e-07,2.88156077e-07,3.81109119e-07
"180","388","Indian Ocean",67,-4,"2012-06-24 7:50:00","2016-09-09 7:50:00",1538,4.214,10,1,0.0799194484203492,221473,"Tropical",3.484137666e-07,3.26432184754101e-07,3.95141243e-07,4.20666721e-07
"181","389","Indian Ocean",80.5,-4,"2008-08-19 10:40:00","2015-08-30 1:50:00",2566.631944,7.032,10,1,39.5399300858234,369596,"Tropical",2.43703284875e-07,2.13998893958226e-07,2.875217535e-07,3.535234916e-07
"182","391","Indian Ocean",90,8,"2006-11-14 8:10:00","2017-01-14 0:40:00",3713.6875,10.174,10,1,52.3499734466277,534772,"Tropical",3.489904445e-07,3.01555657122435e-07,4.08974218e-07,4.702724968e-07
"183","392","Indian Ocean",55,-8,"2008-11-21 10:00:00","2017-11-21 9:00:00",3286.958333,9.005,10,1,45.0400677761275,473323,"Tropical",3.4044880425e-07,2.36966098468172e-07,4.198459465e-07,5.1782978e-07
"184","393","Indian Ocean",67,-8,"2007-01-13 14:00:00","2014-10-03 1:40:00",2819.486111,7.725,10,1,53.1599208880635,406007,"Tropical",3.913035625e-07,3.81402850834195e-07,4.091422465e-07,4.77054915e-07
"185","394","Indian Ocean",80.5,-8,"2008-08-22 13:10:00","2016-11-19 3:40:00",3010.604167,8.248,10,1,5.61993688988947,433528,"Tropical",3.97454092666667e-07,3.88341087589448e-07,4.030463e-07,4.859403358e-07
"186","395","Atlantic Ocean",0,0,"1998-11-08 16:40:00","2018-03-19 12:10:00",7070.8125,19.372,10,1,44.879974228981,1018198,"Tropical",4.43579697e-07,3.98650673495814e-07,4.79141761e-07,6.27009626e-07
"187","396","Atlantic Ocean",-10,0,"1999-01-28 20:10:00","2020-02-23 10:50:00",7695.611111,21.084,10,1,24.1199672613112,1108169,"Tropical",5.100118479e-07,4.68144395982604e-07,5.73685933e-07,6.283752126e-07
"188","397","Atlantic Ocean",-23,0,"1999-03-06 14:00:00","2015-04-10 17:30:00",5879.145833,16.107,10,1,36.1300168438858,846598,"Tropical",4.49277138315789e-07,4.38980739417205e-07,4.68170077e-07,5.456553136e-07
"189","398","Atlantic Ocean",-35,0,"1998-01-21 23:50:00","2017-11-06 12:50:00",7228.541667,19.804,10,1,48.9699887886669,1040911,"Tropical",2.730175065e-07,2.68937225692335e-07,2.77882439e-07,3.216035335e-07
"190","402","Pacific Ocean",-110,0,"1998-10-27 2:30:00","2020-11-22 4:30:00",8062.083333,22.088,10,1,33.4700040742811,1160941,"Tropical",4.61468264428571e-07,4.34031260206949e-07,4.84751913e-07,6.000751692e-07
"191","403","Pacific Ocean",-125,0,"1996-06-24 11:10:00","2021-04-08 4:20:00",9053.715278,24.805,10,1,40.5400326446458,1303736,"Tropical",3.70883069259259e-07,3.49088656378541e-07,3.71872617e-07,5.299753588e-07
"192","404","Pacific Ocean",-140,0,"1998-05-10 22:40:00","2021-03-06 0:20:00",8335.069444,22.836,10,1,14.5700357675186,1200251,"Tropical",3.19403559447368e-07,3.08183514778128e-07,3.263491465e-07,3.978647434e-07
"193","405","Pacific Ocean",147,0,"1994-04-27 14:00:00","2016-12-09 23:00:00",8262.375,22.637,60,1,8.39998386267133,198298,"Tropical",2.8999061073913e-07,2.86678668920879e-07,2.99871539e-07,3.343763592e-07
"194","406","Pacific Ocean",-155,0,"1999-10-28 0:00:00","2020-07-19 19:50:00",7570.826389,20.742,10,1,27.7600440286186,1090200,"Tropical",3.23342769758621e-07,2.99088236895134e-07,3.43676512e-07,4.660283682e-07
"195","407","Pacific Ocean",156,0,"1992-03-01 6:00:00","2021-03-16 23:00:00",10607.70833,29.062,60,1,8.45018971978035,254586,"Tropical",3.022988989e-07,2.99813729361884e-07,2.99196345e-07,3.41413274e-07
"196","408","Pacific Ocean",165,0,"1998-07-11 9:20:00","2020-10-21 11:00:00",8138.069444,22.296,10,1,39.81003223018,1171883,"Tropical",2.89419744769231e-07,2.79069204149132e-07,2.962196215e-07,3.616569845e-07
"197","409","Pacific Ocean",-170,0,"2000-07-03 13:20:00","2020-10-29 1:50:00",7422.520833,20.336,10,1,29.1199651211964,1068844,"Tropical",2.78322207407407e-07,2.58030945046508e-07,2.96715944e-07,3.578855178e-07
"198","410","Pacific Ocean",180,0,"1999-11-28 6:00:00","2021-05-29 23:00:00",7853.708333,21.517,10,1,36.1300163139349,1130935,"Tropical",3.09362408888889e-07,2.89399645585334e-07,3.19478122e-07,4.138025322e-07
"199","411","Pacific Ocean",-95,0,"1998-11-06 21:00:00","2021-06-29 23:50:00",8271.118056,22.661,10,1,46.8499851390631,1191042,"Tropical",5.26546370074074e-07,4.85383986559022e-07,5.9640485e-07,7.271633476e-07
"200","412","Chile, Tongoy",-71.56139,-30.275,"2014-09-11 0:00:00","2021-07-07 23:00:00",2491.958333,6.827,60,-99,7.57925361155698,59808,"Subtropical",5.59886093142857e-07,5.46201169905162e-07,4.79671536e-07,7.376975366e-07
"201","414","Chile, Puyuhuapi",-72.68778,-44.73278,"2010-06-24 0:00:00","2017-03-21 23:00:00",2462.958333,6.748,60,-99,17.3805657057789,59112,"Temperate",3.75760634714286e-07,3.62633638457871e-07,3.55728093e-07,4.70396346e-07
"202","415","Chile, Reloncavi Sound",-72.83444,-41.63611,"2017-09-15 0:00:00","2021-02-11 23:00:00",1245.958333,3.414,60,-99,33.1393793472445,29904,"Temperate",2.71101561e-07,2.70885413675364e-07,2.70968169e-07,2.81733193e-07
"203","431","Brazil, Rio de Janeiro",-43.174472,-22.983083,"2016-08-08 19:25:00","2021-05-31 17:51:00",1756.935185,4.814,30,0.5,58.6902390438247,84336,"Subtropical",6.04556207e-07,5.41229917430822e-07,6.51893548e-07,7.738398498e-07
"204","432","Brazil, Rio de Janeiro",-43.1502167,-22.97155,"2017-08-28 13:25:00","2021-05-31 17:21:00",1372.164352,3.759,30,0.5,72.6201682203261,65866,"Subtropical",5.49928507e-07,5.3862823478191e-07,5.49928507e-07,6.386563606e-07
"205","433","Brazil, Rio Grande",-52.10556,-32.02349,"2016-03-11 20:01:00","2021-05-31 17:01:00",1906.875,5.224,60,0.3,25.8292181969147,45766,"Subtropical",9.702960415e-07,9.4652668573742e-07,9.42991873e-07,1.2231455345e-06
"206","437","Brazil, Rio Grande",-52.02287188,-32.29979002,"2016-12-07 22:25:00","2020-01-29 9:55:00",1147.479167,3.144,30,0.5,52.4899693179136,55081,"Subtropical",6.76019467e-07,6.70433994624078e-07,6.75843443e-07,7.608593214e-07
"207","439","Brazil, Sao Sebastiao",-45.422167,-23.830583,"2014-09-22 0:01:00","2020-03-29 1:01:00",2015.041667,5.521,60,0.7,37.4405524998966,48362,"Subtropical",6.7604615e-07,6.58058928425143e-07,6.665690025e-07,8.457137255e-07
"208","470","United States, San Miguel Island, Hare Rock",-120.3566,34.06438333,"1993-05-21 17:31:00","2019-10-08 13:00:00",9635.811806,26.399,60,6.2484,6.42994739251747,231526,"Subtropical",2.27346254666667e-07,2.20298342868425e-07,2.10550176e-07,3.033313908e-07
"209","471","United States, Santa Rosa Island, Johnson's Lee North",-120.1029667,33.90146667,"1994-09-14 20:20:00","2019-08-19 19:00:00",9104.944051,24.945,60,10.113264,4.46014330292188,218558,"Subtropical",3.0633928812e-07,3.02381277601424e-07,3.12913493e-07,3.735572752e-07
"210","475","Japan, Iriomote",123.7097,24.35222,"2015-10-06 14:02:00","2019-11-11 12:15:00",1496.926377,4.101,2,8,0.140194156380968,1077791,"Subtropical",4.828967596e-07,4.30915222026848e-07,5.59291248e-07,6.205301828e-07
"211","476","Japan, Okinawa",127.843778,26.504466,"2016-08-12 9:45:00","2019-11-13 9:07:00",1187.973611,3.255,2,8,1.17952818872451,855342,"Subtropical",5.3918225025e-07,5.10687350735434e-07,5.803947805e-07,6.898757679e-07
"212","477","Pacific Ocean, Moorea, French Polynesia",-149.842267,-17.47825,"2005-06-01 10:04:00","2017-07-07 20:32:00",4419.436111,12.108,2,2,7.62105593966059,3182000,"Tropical",3.02868632692308e-07,2.88773047280839e-07,3.3272155e-07,3.741523748e-07
"213","478","Pacific Ocean, Moorea, French Polynesia",-149.83985,-17.47505,"2004-12-16 12:42:00","2019-08-10 18:02:00",5350.222222,14.658,2,10,10.383156263937,3852162,"Tropical",2.69255952666667e-07,2.6622296754876e-07,2.79528542e-07,3.032674566e-07
"214","479","Panama, Gulf of Chiriquí",-81.68973,7.645079,"2012-03-01 18:36:00","2018-03-02 8:41:00",2191.587488,6.004,2,10,14.11076692202,1577944,"Tropical",6.13973329428571e-07,6.06026154568311e-07,6.425105e-07,6.874558972e-07
"215","480","Chile, Antofagasta",-70.40472222,-23.65416667,"1999-01-01 0:00:00","2021-12-31 23:00:00",8400.958333,23.016,60,3,9.11498631115343,201624,"Subtropical",3.40914179652174e-07,3.38461086946645e-07,3.44934326e-07,3.9175346e-07
"216","481","Chile, Pisagua",-70.21555556,-19.59694444,"2011-01-01 0:00:00","2021-12-31 23:00:00",4017.958333,11.008,60,3,19.6501161440186,96432,"Tropical",2.097745399e-07,2.01725823625143e-07,1.922255005e-07,3.122674744e-07
"217","482","Chile, Iquique",-70.14777778,-20.20444444,"1999-01-01 0:00:00","2021-12-31 23:00:00",8400.958333,23.016,60,3,6.91584335198191,201624,"Subtropical",1.9771591973913e-07,1.95661820949983e-07,1.98065731e-07,2.31850559e-07
"218","483","Chile, Patache",-70.19805556,-20.80333333,"2011-01-01 0:00:00","2021-12-31 23:00:00",4017.958333,11.008,60,3,16.7610336817654,96432,"Subtropical",1.86351211e-07,1.83507198553096e-07,1.82167048e-07,2.23996239e-07
"219","484","Chile, Tocopilla",-70.21166667,-22.09388889,"2010-01-01 0:00:00","2021-12-31 23:00:00",4382.958333,12.008,60,3,15.9974142520344,105192,"Subtropical",1.92248047083333e-07,1.86634536390551e-07,1.8905016e-07,2.728181683e-07
"220","485","Chile, Mejillones",-70.45055556,-23.09777778,"2011-01-01 0:00:00","2021-12-31 23:00:00",4017.958333,11.008,60,3,13.4561141529783,96432,"Subtropical",3.93218591727273e-07,3.88308293959871e-07,3.70607603e-07,5.2347093e-07
"221","486","Chile, Arica",-70.32333333,-18.47583333,"1999-01-01 0:00:00","2021-12-31 23:00:00",8400.958333,23.016,60,3,6.99519898424791,201624,"Tropical",2.88874386217391e-07,2.86050835263181e-07,2.89906032e-07,3.316204268e-07
"222","487","Chile, Tal-Tal",-70.48972222,-25.40722222,"2010-01-01 0:00:00","2021-12-31 23:00:00",4382.958333,12.008,60,3,12.1435090120922,105192,"Subtropical",2.81641727666667e-07,2.75061045451589e-07,2.76810973e-07,3.150060135e-07
"223","488","Chile, S. Félix",-80.10861111,-26.29222222,"2001-01-01 0:00:00","2021-12-31 23:00:00",7669.958333,21.014,60,3,24.4915254237288,184080,"Subtropical",2.03193304095238e-07,1.90435323270226e-07,2.11059004e-07,2.70154979e-07
"224","489","Chile, Caldera",-70.82472222,-27.06472222,"1999-01-01 0:00:00","2021-12-31 23:00:00",8400.958333,23.016,60,3,6.65992143792406,201624,"Subtropical",2.94196285521739e-07,2.9093128178809e-07,2.85813054e-07,3.39890715e-07
"225","490","Chile, I. Pascua",-109.4394444,-27.15472222,"2004-01-01 0:00:00","2021-12-31 23:00:00",6574.958333,18.014,60,3,19.6869455006337,157800,"Subtropical",3.91139154611111e-07,3.8908627789999e-07,3.823265365e-07,4.376995756e-07
"226","491","Chile, Huasco",-71.24972222,-28.46888889,"2010-01-01 0:00:00","2021-12-31 23:00:00",4382.958333,12.008,60,3,20.8599513270971,105192,"Subtropical",1.91946439416667e-07,1.83194238845541e-07,1.898858325e-07,2.296434967e-07
"227","492","Chile, Coquimbo",-71.33527778,-29.94972222,"1999-01-01 0:00:00","2021-12-31 23:00:00",8400.958333,23.016,60,3,7.74709359996826,201624,"Subtropical",2.73131605130435e-07,2.71405740309931e-07,2.68142303e-07,3.090318526e-07
"228","493","Chile, Pichidangui",-71.52944444,-32.13555556,"2010-01-01 0:00:00","2021-12-31 23:00:00",4382.958333,12.008,60,3,13.5770781047988,105192,"Subtropical",2.11628923833333e-07,2.07067514873394e-07,2.30812908e-07,2.489806612e-07
"229","494","Chile, Valparaíso",-71.62777778,-33.02777778,"1999-01-01 0:00:00","2021-12-31 23:00:00",8400.958333,23.016,60,3,9.04604610562235,201624,"Subtropical",2.26918706e-07,2.2382527818151e-07,2.22345841e-07,2.738137962e-07
"230","495","Chile, S. Antonio",-71.61805556,-33.58166667,"1999-01-01 0:00:00","2021-12-31 23:00:00",8400.958333,23.016,60,3,7.93010752688172,201624,"Subtropical",2.25290259347826e-07,2.21925186381983e-07,2.17158803e-07,2.686277772e-07
"231","496","Chile, J. Fernandez",-78.83,-33.63611111,"1999-01-01 0:00:00","2021-12-31 23:00:00",8400.958333,23.016,60,3,12.6150656667857,201624,"Subtropical",2.55550974869565e-07,2.53475978833671e-07,2.55204236e-07,2.956140534e-07
"232","497","Chile, Talcahuano",-73.10611111,-36.70083333,"1999-01-01 0:00:00","2021-12-31 23:00:00",8400.958333,23.016,60,3,10.4298099432607,201624,"Temperate",2.25224461304348e-07,2.21059494122325e-07,2.22708033e-07,2.774064302e-07
"233","498","Chile, Lebu",-73.66416667,-37.59416667,"2010-01-01 0:00:00","2021-12-31 23:00:00",4382.958333,12.008,60,3,12.2138565670393,105192,"Temperate",2.0238297025e-07,1.96400755430986e-07,1.93057343e-07,2.608017987e-07
"234","499","Chile, Corral",-73.4275,-39.88666667,"1999-01-01 0:00:00","2021-12-31 23:00:00",8400.958333,23.016,60,3,14.6827758600167,201624,"Temperate",2.91297416434783e-07,2.89634479069912e-07,2.82727009e-07,3.312953034e-07
"235","500","Chile, B. Mansa",-73.73694444,-40.58083333,"2011-01-01 0:00:00","2021-12-31 23:00:00",4017.958333,11.008,60,3,13.8906172224988,96432,"Temperate",1.51957273e-07,1.47811743378916e-07,1.53292275e-07,1.9175739e-07
"236","501","Chile, P. Montt",-72.96083333,-41.485,"1999-01-01 0:00:00","2021-12-31 23:00:00",8400.958333,23.016,60,3,6.69067174542713,201624,"Temperate",2.67117585521739e-07,2.60765864940439e-07,2.71114496e-07,3.476119638e-07
"237","502","Chile, Castro",-73.75805556,-42.48083333,"2011-01-01 0:00:00","2021-12-31 23:00:00",4017.958333,11.008,60,3,12.6482910237266,96432,"Temperate",3.18582670090909e-07,3.14619947036219e-07,3.21204115e-07,3.62579414e-07
"238","503","Chile, Melinka",-73.74833333,-43.89833333,"2011-05-01 0:00:00","2021-12-31 23:00:00",3897.958333,10.679,60,3,9.84479220112878,93552,"Temperate",1.45771514272727e-07,1.36938383326329e-07,1.56120227e-07,1.90722619e-07
"239","504","Chile, P. Chacabuco",-72.82,-45.46722222,"2001-01-01 0:00:00","2021-12-31 23:00:00",7669.958333,21.014,60,3,11.1549326379835,184080,"Temperate",3.18208156619048e-07,3.12627800715051e-07,3.10698178e-07,4.03262108e-07
"240","505","Chile, P. Eden",-74.40861111,-49.12972222,"2011-10-01 0:00:00","2021-12-31 23:00:00",3744.958333,10.26,60,3,12.4165554072096,89880,"Temperate",1.63610573e-07,1.58652364310927e-07,1.530781425e-07,2.307428154e-07
"241","506","Chile, C. Meteoro",-74.07222222,-52.96111111,"2011-01-01 0:00:00","2021-12-31 23:00:00",4017.958333,11.008,60,3,24.6100879376141,96432,"Temperate",1.37521308636364e-07,1.34746769202042e-07,1.31961302e-07,1.72699724e-07
"242","507","Chile, P. Arenas",-70.86194444,-53.12361111,"2002-01-01 0:00:00","2021-12-31 23:00:00",7304.958333,20.014,60,3,13.696668948209,175320,"Temperate",9.591393245e-08,9.53498528820304e-08,9.6119694e-08,1.071868806e-07
"243","508","United States, Fort Point ShoreStation",-122.4662,37.80663,"2010-01-01 0:00:00","2021-08-08 0:00:00",4237,11.608,60,3,14.3584851852216,101689,"Temperate",1.95988374833333e-07,1.6477727935344e-07,2.097046815e-07,2.601613544e-07
"244","513.1","Canada, Calvert Island",-128.0853667,51.6521,"2017-12-02 16:10:00","2021-06-04 23:30:00",1280.305556,3.508,5,0,0.220487132826547,368729,"Temperate",2.6388298725e-07,2.56587004401768e-07,2.789569415e-07,3.156845417e-07
"245","513.2","Canada, Calvert Island",-128.0853667,51.6521,"2017-12-02 16:10:00","2021-06-04 23:30:00",1280.305556,3.508,5,2,0.228351987503017,368729,"Temperate",2.2741544125e-07,2.21933317878682e-07,2.50224507e-07,2.583669966e-07
"246","513.3","Canada, Calvert Island",-128.0853667,51.6521,"2017-12-02 16:10:00","2021-06-04 23:30:00",1280.305556,3.508,5,5,0.230250400700786,368729,"Temperate",1.87496419e-07,1.81220279321212e-07,1.950193965e-07,2.289403568e-07
"247","513.4","Canada, Calvert Island",-128.0853667,51.6521,"2017-12-02 16:10:00","2021-06-04 23:30:00",1280.305556,3.508,5,7,0.223741555451294,368729,"Temperate",1.38089545e-07,1.31755736089665e-07,1.50169072e-07,1.728949682e-07
"248","513.5","Canada, Calvert Island",-128.0853667,51.6521,"2017-12-02 16:10:00","2021-06-04 23:30:00",1280.305556,3.508,5,10,0.225368766763667,368729,"Temperate",1.2737611875e-07,1.19744679151148e-07,1.3858759e-07,1.64737579e-07
"249","514","Canada, Choked Interior",-128.11869,51.675565,"2016-10-14 23:00:00","2020-10-22 9:00:00",1468.416667,4.023,60,7.84,16.0854637800414,35243,"Temperate",1.239480274e-07,1.01275702004519e-07,1.61971046e-07,1.779717596e-07
"250","518","Canada, Flat Island",-128.1236333,51.67448333,"2016-10-14 23:00:00","2020-08-16 13:00:00",1401.583333,3.84,60,6.34,17.7115847676804,33639,"Temperate",1.4282864975e-07,1.36658204277058e-07,1.574915165e-07,1.731815912e-07
"251","521.1","Canada, Dawson ",-127.592,51.574,"2016-10-14 23:00:00","2020-06-28 4:00:00",1352.208333,3.705,60,2.84,17.4678005792814,32454,"Temperate",2.654576575e-07,2.32604604703704e-07,2.73004089e-07,3.908638307e-07
"252","521.4","Canada, Dawson ",-127.592,51.574,"2016-10-14 23:00:00","2020-06-28 5:00:00",1352.25,3.705,60,7.84,17.4672623632722,32455,"Temperate",1.16396055e-07,1.12255937636983e-07,1.249332585e-07,1.430330211e-07
"253","523","Canada, Fish Egg - South Herring",-127.7648,51.60888,"2016-10-14 23:00:00","2020-08-17 12:00:00",1402.541667,3.843,60,7.84,17.580654744222,33662,"Temperate",1.5230293975e-07,1.41688130558001e-07,1.624703905e-07,1.996710519e-07
"254","524","Canada, Golden ",-128.2126,51.90308,"2016-10-14 23:00:00","2020-07-16 10:00:00",1370.458333,3.755,60,7.64,17.2655964976286,32892,"Temperate",1.4893314875e-07,1.39669962777101e-07,1.62982932e-07,1.904375721e-07
"255","525","Canada, Kelpie Point",-127.9966,51.7339,"2016-10-14 23:00:00","2020-07-08 8:00:00",1362.375,3.733,60,7.64,24.8333231390299,32698,"Temperate",1.4962109925e-07,1.41610228133612e-07,1.67506191e-07,1.825501505e-07
"256","532","Canada, Manley ",-128.1996,51.80093,"2016-10-14 23:00:00","2020-07-26 11:00:00",1380.5,3.782,60,5.84,17.9337820300003,33133,"Temperate",1.709007225e-07,1.61113172455823e-07,1.880982925e-07,2.115061884e-07
"257","536","Canada, Mercury ",-128.0711,51.7439,"2016-10-14 23:00:00","2020-07-15 10:00:00",1369.458333,3.752,60,7.84,33.436777412681,32868,"Temperate",1.265275835e-07,1.21152562579568e-07,1.39682237e-07,1.515044046e-07
"258","538","Canada, Nalau ",-128.098,51.7842,"2016-10-15 23:00:00","2020-07-24 14:00:00",1377.625,3.774,60,7.44,18.8059520929107,33064,"Temperate",1.3898072225e-07,1.31802597920136e-07,1.498491945e-07,1.742164649e-07
"259","540","Canada, Namu - North Herring",-127.8646,51.86617,"2016-10-14 23:00:00","2020-08-17 10:00:00",1402.458333,3.842,60,7.84,24.1176470588235,33660,"Temperate",1.8017339675e-07,1.59225794327041e-07,2.05699677e-07,2.438290792e-07
"260","542","Canada, Pruth Bay",-128.1188,51.64736,"2016-10-14 23:00:00","2020-08-16 14:00:00",1401.625,3.84,60,7.84,16.9411414982164,33640,"Temperate",1.862748165e-07,1.76419266993692e-07,2.02521645e-07,2.33549262e-07
"261","544","Canada, Rattenbury ",-128.074,51.70119,"2016-10-15 23:00:00","2020-07-15 10:00:00",1368.458333,3.749,60,6.84,17.3030081597857,32844,"Temperate",1.4556297075e-07,1.39237339695049e-07,1.619536485e-07,1.759440674e-07
"262","546","Canada, Second Beach",-128.1554,51.64927,"2016-10-14 23:00:00","2020-07-26 8:00:00",1380.375,3.782,60,8.64,41.0594627226079,33130,"Temperate",1.4332228825e-07,1.37013116065612e-07,1.560757855e-07,1.775666858e-07
"263","547","Canada, Simmonds ",-128.2619,51.95896,"2016-10-14 23:00:00","2020-07-16 13:00:00",1370.583333,3.755,60,7.64,17.233622131023,32895,"Temperate",1.458295275e-07,1.36177013753765e-07,1.57652982e-07,1.880691699e-07
"264","549","Canada, Starfish ",-128.1248,51.68,"2016-10-14 23:00:00","2020-08-16 13:00:00",1401.583333,3.84,60,7.84,16.8851630547876,33639,"Temperate",1.538325225e-07,1.45824674002928e-07,1.764015405e-07,1.815549222e-07
"265","553","Canada, Triquet Bay",-128.236,51.80898,"2016-10-14 23:00:00","2020-08-09 11:00:00",1394.5,3.821,60,3.64,16.964952642744,33469,"Temperate",2.10445302e-07,1.97157960389285e-07,2.434770115e-07,2.520052374e-07
"266","554","Canada, Triquet Macro ",-128.2545,51.80358,"2016-10-14 23:00:00","2020-07-13 11:00:00",1367.5,3.747,60,6.94,42.082812833247,32821,"Temperate",1.3652071775e-07,9.56988245127764e-08,1.45915565e-07,2.228917148e-07
"267","557","Canada, West Beach Macro ",-128.1519,51.64914,"2016-10-14 23:00:00","2020-07-18 9:00:00",1372.416667,3.76,60,6.64,29.3026503536841,32939,"Temperate",1.592123635e-07,1.49082476197115e-07,1.5903069e-07,2.180955298e-07
"268","558","Canada, Wolf Beach Fish",-128.1202,51.67057,"2016-10-14 23:00:00","2020-08-16 12:00:00",1401.541667,3.84,60,7.84,16.8534649344472,33637,"Temperate",1.50402841e-07,1.42960082631104e-07,1.67213674e-07,1.834105995e-07
"269","559","Kiritimati, Site 3",-157.45544,2.05162,"2011-08-27 16:03:00","2014-11-15 21:03:00",1176.208333,3.222,60,9.455,0,28230,"Tropical",2.3342259775e-07,2.24652162423031e-07,2.52813842e-07,2.823970452e-07
"270","561","Kiritimati, Site 8",-157.552,1.886,"2011-08-22 12:59:00","2015-03-19 17:59:00",1305.208333,3.576,60,7.625,0,31326,"Tropical",2.33691543e-07,2.2997757167355e-07,2.4406286e-07,2.693722098e-07
