"","plot_id","loc_name","long_in_degrees","lat_in_degrees","start_date","end_date","duration_in_days","duration_in_years","measurement_freq_in_mins","depth_in_m","temp_degC_percentage_missing_values","no_of_data","net_no_of_data","climate_classification","annual_a_mean","annual_gm_mean","annual_median","annual_ninetieth_perc"
"1","1.1","Belize, Stann Creek, Carrie Bow Cay",-88.082072,16.80127,"2001-03-20 19:10:00","2005-02-09 9:30:00",1422,3.895,10,0,13.2401287668958,204711,177607,"Tropical",9.94,9.90716484339442,9.452,10.7688
"2","1.2","Belize, Stann Creek, Carrie Bow Cay",-88.082072,16.80127,"2000-03-03 16:10:00","2013-12-09 0:00:00",5028,13.776,10,2,52.8699867417965,724080,341259,"Tropical",9.4225,9.40290345286281,9.31,10.115
"3","2.1","Belize, Stann Creek, Carrie Bow Cay",-88.079817,16.8009,"2000-03-04 21:30:00","2012-09-24 23:00:00",4587,12.567,10,2,53.1400161686383,660538,309528,"Tropical",7.71,7.70833963963706,7.71,7.838
"4","2.2","Belize, Stann Creek, Carrie Bow Cay",-88.079817,16.8009,"2001-03-17 22:30:00","2012-06-07 23:00:00",4100,11.233,10,5,38.8000420051355,590404,361327,"Tropical",5.98666666666667,5.95973235739408,6.27,6.438
"5","3","Belize, Stann Creek, Carrie Bow Cay",-88.07863,16.79972,"2000-03-03 16:10:00","2014-10-02 22:10:00",5326,14.592,10,10,40.7299528932268,766981,454590,"Tropical",6.44,6.44,6.44,6.44
"6","9.3","Belize, Stann Creek, Cat Cay",-88.196906,16.651963,"2001-03-18 20:10:00","2005-08-02 23:40:00",1598,4.378,10,5,46.5498361823981,230134,123007,"Tropical",8.15,8.15,8.15,8.15
"7","9.4","Belize, Stann Creek, Cat Cay",-88.196906,16.651963,"2001-03-18 20:10:00","2005-08-02 23:40:00",1598,4.378,10,10,49.8300989858083,230134,115458,"Tropical",NA,NA,NA,NA
"8","10.1","Belize, Stann Creek, Channel Cay",-88.13632,16.662761,"2001-03-18 20:10:00","2005-08-02 23:40:00",1598,4.378,10,5,60.6998531290466,230134,90443,"Tropical",NA,NA,NA,NA
"9","10.2","Belize, Stann Creek, Channel Cay",-88.13632,16.662761,"2001-03-18 20:10:00","2005-01-01 9:40:00",1385,3.793,10,10,64.8898073007052,199378,70002,"Tropical",NA,NA,NA,NA
"10","13","Belize, Toledo, Sapodilla Cayes",-88.57228,16.19172,"2002-06-14 14:30:00","2005-08-07 8:45:00",1150,3.15,15,5,16.209751943322,110378,92486,"Tropical",7.49,7.48134346223992,7.49,7.778
"11","14","Belize, Toledo, Snake Cayes",-88.26666,16.108138,"2002-07-12 12:30:00","2005-08-07 8:45:00",1122,3.074,15,5,0.629538152983342,107698,107020,"Tropical",6.7,6.67421688703226,6.857,7.2266
"12","27","Israel, Hadera Station",34.86307,32.47053,"2011-03-22 8:01:00","2020-06-10 4:51:00",3368,9.227,10,12,38.2000370744166,485510,300045,"Subtropical",NA,NA,NA,NA
"13","28","Israel, Ashkelon Station",34.49917,31.63472,"2012-07-27 4:50:00","2020-06-10 4:51:00",2875,7.877,10,11,53.1398994266061,414026,194013,"Subtropical",NA,NA,NA,NA
"14","29","South Africa, Tsitsikamma ",23.8997,-34.0228,"1991-06-29 14:00:00","2015-11-17 11:00:00",2941,23.672,60,10,0.040506719775477,207373,207289,"Subtropical",13.1882608695652,13.137340998972,13.3,14.426
"15","30.1","South Africa, Tsitsikamma ",23.8752,-34.0453,"1999-12-01 0:00:00","2004-12-31 21:00:00",1858,5.09,60,12,0.370038125140166,44590,44425,"Subtropical",13.406,13.3821805518362,13.09,14.368
"16","31","South Africa, Mangold ",25.5867,-34.0487,"1992-01-28 15:00:00","2005-11-17 10:00:00",1921,10.9,60,5,5.63810959965652,95493,90109,"Subtropical",12.9733333333333,12.9480679786697,13.04,13.832
"17","33.1","Spain, Cap de Creus North (Portalo)",3.286557,42.33346,"2007-05-22 18:00:00","2019-06-28 10:00:00",4420,12.109,60,5,17.0602486872743,106077,87980,"Temperate",13.2515,13.1876190984163,13.3615,14.578
"18","33.2","Spain, Cap de Creus North (Portalo)",3.286557,42.33346,"2007-05-22 18:00:00","2019-06-28 10:00:00",4420,12.109,60,10,9.80042799098768,106077,95681,"Temperate",12.8783333333333,12.8143192293326,12.42,14.6242
"19","34.1","Spain, Cap de Creus South (El-Gat)",3.261413,42.236976,"2007-05-23 17:00:00","2018-11-22 13:00:00",4201,11.509,60,5,21.350075378878,100824,79298,"Temperate",13.3744,13.3329490748032,13.817,14.4336
"20","34.2","Spain, Cap de Creus South (El-Gat)",3.261413,42.236976,"2007-05-23 17:00:00","2018-11-22 13:00:00",4201,11.509,60,10,25.460207887011,100824,75154,"Temperate",12.9493333333333,12.9051260320417,12.438,14.0556
"21","35.1","Spain, Medes Islands (Pota-del-Llop)",3.2254,42.0497,"2002-07-18 11:00:00","2019-07-02 10:00:00",6193,16.967,60,5,21.8997450232439,148641,116089,"Temperate",13.7015,13.6676317459163,13.5855,14.9145
"22","35.2","Spain, Medes Islands (Pota-del-Llop)",3.2254,42.0497,"2002-07-18 11:00:00","2019-07-02 10:00:00",6193,16.967,60,10,6.96981317402332,148641,138281,"Temperate",12.8114,12.7406317200367,12.826,14.5138
"23","36.1","France, Riou Nature Reserve",5.389873,43.171963,"1999-06-24 12:00:00","2017-11-20 9:00:00",6724,18.422,60,5,29.929978931714,161380,113079,"Temperate",NA,NA,NA,NA
"24","36.2","France, Riou Nature Reserve",5.389873,43.171963,"1999-06-24 12:00:00","2017-11-20 9:00:00",6724,18.422,60,10,1.30995166687322,161380,159266,"Temperate",12.6137222222222,12.561898012998,12.8035,13.6369
"25","37.1","France, Port-Cros National Park",6.377994,43.016405,"1999-06-17 11:00:00","2018-07-10 9:00:00",6963,19.076,60,5,34.4897946971918,167119,109480,"Temperate",NA,NA,NA,NA
"26","37.2","France, Port-Cros National Park",6.377994,43.016405,"1999-06-17 11:00:00","2018-07-10 9:00:00",6963,19.076,60,10,13.5998898988146,167119,144391,"Temperate",12.924125,12.8863869464115,12.956,14.0973
"27","38.1","France, Scandola Nature Reserve",8.54635,42.3802,"2004-05-15 12:00:00","2018-10-24 9:00:00",5275,14.452,60,5,22.3600129540841,126601,98293,"Temperate",14.7526,14.6719382778018,14.697,16.2468
"28","38.2","France, Scandola Nature Reserve",8.54635,42.3802,"2004-05-15 12:00:00","2018-10-24 9:00:00",5275,14.452,60,10,7.43990963736463,126601,117182,"Temperate",13.7274545454545,13.68061078615,14.176,15.03
"29","76.1","Germany, Fehmarn",11.15,54.6,"2012-11-15 14:29:00","2020-08-10 18:29:00",2825,7.74,60,1,62.3700317085761,67805,25515,"Temperate",NA,NA,NA,NA
"30","76.2","Germany, Fehmarn",11.15,54.6,"2012-11-15 13:29:00","2020-08-10 18:29:00",2825,7.74,60,3,64.6506208890069,67806,23969,"Temperate",NA,NA,NA,NA
"31","76.3","Germany, Fehmarn",11.15,54.6,"2012-11-15 13:29:00","2019-12-06 6:29:00",2577,7.059,60,10,68.2998609359335,61842,19604,"Temperate",NA,NA,NA,NA
"32","77.1","Germany, Cape Arkona",13.8666,54.8833,"2012-11-09 19:00:00","2020-08-19 15:00:00",2840,7.78,60,2,15.3293132033393,68157,57709,"Temperate",19.3798571428571,19.2687216769813,20.1,21.2372
"33","77.2","Germany, Cape Arkona",13.8666,54.8833,"2012-11-09 19:00:00","2020-08-19 15:00:00",2840,7.78,60,5,15.2999691887847,68157,57729,"Temperate",18.66,18.5486100773256,18.71,20.874
"34","77.3","Germany, Cape Arkona",13.8666,54.8833,"2012-11-09 19:00:00","2020-08-19 15:00:00",2840,7.78,60,7,15.3395836084335,68157,57702,"Temperate",18.6894285714286,18.5726886081149,19.04,20.842
"35","78.1","Germany, Kiel Lighthouse",10.268,54.5,"2012-11-09 19:09:00","2020-08-20 13:09:00",2841,7.783,60,0.5,24.3902081286027,68179,51550,"Temperate",20.76,20.7570494049612,20.76,21.04
"36","78.2","Germany, Kiel Lighthouse",10.268,54.5,"2012-11-09 19:09:00","2020-08-20 13:09:00",2841,7.783,60,1,17.8500711362736,68179,56009,"Temperate",19.935,19.8609554619625,19.42,22.105
"37","78.3","Germany, Kiel Lighthouse",10.268,54.5,"2012-11-09 19:09:00","2020-08-20 13:09:00",2841,7.783,60,2,19.6600126138547,68179,54775,"Temperate",20.236,20.1652300215506,19.86,22.292
"38","78.4","Germany, Kiel Lighthouse",10.268,54.5,"2012-11-09 19:09:00","2020-08-20 13:09:00",2841,7.783,60,4,15.699848927089,68179,57475,"Temperate",18.95,18.8362149551813,18.65,21.542
"39","78.5","Germany, Kiel Lighthouse",10.268,54.5,"2012-11-09 19:09:00","2020-08-20 13:09:00",2841,7.783,60,8,24.6102172223119,68179,51400,"Temperate",19.496,19.4029369635245,20.27,21.32
"40","79.1","Germany, North Sea",6.583333,54,"2010-09-23 3:15:00","2020-07-03 2:22:00",3571,9.783,60,3,68.6502380285634,85704,26868,"Temperate",NA,NA,NA,NA
"41","79.2","Germany, North Sea",6.583333,54,"2010-09-23 0:15:00","2020-03-16 6:22:00",3462,9.486,60,6,64.7800710030688,83095,29266,"Temperate",15.77,15.77,15.77,15.77
"42","80.1","Germany, North Sea",7.1583,55.19499,"2011-09-20 12:22:00","2020-02-23 1:29:00",3078,8.432,60,6,83.0494706344264,73862,12520,"Temperate",NA,NA,NA,NA
"43","80.2","Germany, North Sea",7.1583,55.19499,"2011-09-20 12:22:00","2020-02-25 8:29:00",3080,8.438,60,12,84.5705318127089,73917,11405,"Temperate",NA,NA,NA,NA
"44","81.1","Germany, North Sea",6.35,54.16667,"2010-09-19 22:43:00","2020-02-03 23:41:00",3424,9.381,60,6,60.3799070310789,82178,32559,"Temperate",14.54,14.54,14.54,14.54
"45","81.2","Germany, North Sea",6.35,54.16667,"2010-09-19 22:43:00","2020-04-08 13:41:00",3489,9.558,60,10,61.6995617962771,83751,32077,"Temperate",13.8,13.8,13.8,13.8
"46","82.1","Germany, North Sea",6.783333,54.68333,"2011-08-08 20:45:00","2018-09-14 5:27:00",2593,7.105,60,4,78.9298839691226,62311,13129,"Temperate",NA,NA,NA,NA
"47","82.2","Germany, North Sea",6.783333,54.68333,"2010-09-23 12:45:00","2020-07-03 6:27:00",3571,9.783,60,6,73.8495260525365,85769,22429,"Temperate",NA,NA,NA,NA
"48","82.3","Germany, North Sea",6.783333,54.68333,"2011-08-10 1:45:00","2020-07-03 6:27:00",3250,8.905,60,11,73.5706234950561,78076,20635,"Temperate",NA,NA,NA,NA
"49","83","Germany, Heligoland",7.867,54.16,"2015-04-12 0:23:00","2018-09-25 11:39:00",1262,3.459,30,0.5,57.0299480240904,60605,26042,"Temperate",NA,NA,NA,NA
"50","84","Germany, Heligoland",7.891111,54.17972,"2011-04-20 14:31:00","2020-07-03 6:02:00",3362,9.21,30,0.5,56.1797544074755,161487,70764,"Temperate",NA,NA,NA,NA
"51","85","Germany, North Sea",8.117,54,"2011-04-20 11:12:00","2020-07-03 3:36:00",3362,9.21,30,0.5,46.5699992570396,161516,86298,"Temperate",NA,NA,NA,NA
"52","87","Germany, Jade Bight",8.188217,53.516566,"2007-04-11 12:20:00","2011-11-14 14:40:00",1678,4.598,10,4,9.81017765583682,241647,217941,"Temperate",24.28425,24.2703453239596,24.1045,25.2145
"53","88.1","Germany, North Sea",6.333333,55,"2011-05-27 11:30:00","2019-03-19 7:25:00",2853,7.816,60,3,57.5093331009137,68841,29251,"Temperate",NA,NA,NA,NA
"54","88.2","Germany, North Sea",6.333333,55,"2011-05-21 16:30:00","2019-03-19 7:25:00",2859,7.832,60,6,57.369680272602,68965,29400,"Temperate",NA,NA,NA,NA
"55","88.3","Germany, North Sea",6.333333,55,"2011-05-27 11:30:00","2019-03-19 7:25:00",2853,7.816,60,11,55.2398641785414,68914,30846,"Temperate",NA,NA,NA,NA
"56","89.1","Croatia, Kornati",15.22,43.836389,"2009-05-09 23:00:00","2016-05-20 10:00:00",2567,7.034,60,5,8.65952612788056,61620,56284,"Temperate",15.8208333333333,15.8036247233915,16.0805,16.442
"57","89.2","Croatia, Kornati",15.22,43.836389,"2009-05-09 23:00:00","2016-05-20 10:00:00",2567,7.034,60,10,1.31937682570594,61620,60807,"Temperate",14.3331428571429,14.2701159896382,14.601,15.7538
"58","102","Spain, Columbretes Nature Reserve",0.682778,39.897111,"2004-06-28 20:00:00","2020-10-21 16:00:00",5958.833333,16.326,60,5,0.0699232242997189,143014,142914,"Temperate",14.98405625,14.9619403109941,15.1858,15.807
"59","103","Canada, Bay Bulls",-52.79167,47.30972,"2011-01-18 1:30:00","2015-03-21 9:30:00",1523.333333,4.174,30,4,19.1597604004267,73122,59112,"Temperate",17.4796666666667,17.4114324510161,17.446,18.998
"60","150","Australia",149.3786,-19.7641,"2015-02-01 0:00:00","2019-04-20 0:00:00",1539,4.216,10,2,7.73992969853396,221617,204464,"Tropical",8.0235,8.01952316613334,7.90025,8.30235
"61","159","Australia",150.8538,-21.0266,"2013-12-08 0:05:00","2018-03-06 0:00:00",1548.996343,4.244,10,7,3.60014185097567,222769,214749,"Subtropical",7.1063,7.08785773197899,7.07425,7.67029
"62","160","Australia",151.4654,-21.4552,"2016-03-11 14:00:00","2019-09-14 0:00:00",1281.416667,3.511,10,2.6,4.86004606421894,184525,175557,"Subtropical",8.3438,8.29826178687167,8.18,9.22912
"63","162","Australia",151.4654,-21.4547,"2013-12-07 0:09:00","2019-09-16 0:00:00",2108.993079,5.778,10,8,1.54987612207666,303121,298423,"Subtropical",7.08286,7.07321908661888,7.0488,7.50938
"64","164","Australia",151.6414,-21.4072,"2016-03-11 0:04:00","2019-09-14 0:00:00",1281.996782,3.512,10,1.5,11.6698585619653,184321,162811,"Subtropical",7.2095,7.20396733429151,7.0137,7.49274
"65","166","Australia",151.6384,-21.4054,"2016-03-11 0:00:00","2019-09-14 0:00:00",1282,3.512,10,8,7.89993987292061,184609,170025,"Subtropical",7.02553333333333,7.01476646362366,6.971,7.41684
"66","169","Australia",152.5502,-21.1085,"2011-11-20 0:02:00","2016-01-04 23:57:00",1506.996412,4.129,10,8.3,5.56985022871477,216864,204785,"Subtropical",6.19855,6.19570760509095,6.12145,6.41146
"67","171","Australia",152.3069,-21.9471,"2013-09-03 0:03:00","2020-01-12 0:00:00",2321.997373,6.362,10,1.7,6.20990843483128,334079,313333,"Subtropical",8.40738333333333,8.39954791356096,8.35465,8.8672
"68","172","Australia",152.3168,-21.9612,"2016-01-16 14:10:00","2020-01-12 13:50:00",1456.986111,3.992,10,9,3.58996601638649,209807,202275,"Subtropical",6.4783,6.47752192575857,6.4638,6.5866
"69","173","Australia",150.3807,-21.0266,"2012-01-21 0:01:00","2019-09-20 13:50:00",2799.575694,7.67,10,9,25.8900776159092,403139,298766,"Subtropical",7.7798,7.74470764005976,7.7798,8.37028
"70","177","Australia",159.0684,-31.5623,"2009-02-28 0:04:00","2013-04-07 23:55:00",1499.994236,4.11,10,8.3,1.67019459298871,215424,211826,"Subtropical",8.563075,8.54608828249085,8.43845,9.14776
"71","178","Australia",146.0871,-16.6891,"1996-03-28 0:00:00","2008-11-15 13:30:00",4615.5625,12.645,30,2.5,20.5901204253706,221548,175931,"Tropical",9.35132,9.30319023103899,9.5688,10.0868
"72","179","Australia",146.1107,-16.6461,"1996-03-28 0:00:00","2008-11-15 13:30:00",4615.5625,12.645,30,7.2,21.2100421582877,221546,174556,"Tropical",8.53028571428571,8.50193578938105,8.78,9.074
"73","186","Australia",96.8174,-11.8297,"2002-04-06 0:30:00","2008-05-31 23:22:00",2247.952778,6.159,60,10,49.2307977461447,53952,27391,"Tropical",4.8,4.8,4.8,4.8
"74","188","Australia",151.0707,-23.1578,"2011-05-10 14:09:00","2020-04-30 0:00:00",3277.410069,8.979,10,4.2,56.2299236356548,471948,206572,"Subtropical",10.3296,10.3296,10.3296,10.3296
"75","192","Australia",115.7061,-32.3723,"2012-05-16 0:00:00","2016-12-21 0:00:00",1680,4.603,30,3,41.2904105851862,80641,47344,"Subtropical",NA,NA,NA,NA
"76","195","Australia",145.4872,-16.2445,"1996-03-31 0:00:00","2007-03-12 13:30:00",3998.5625,10.955,30,0.1,22.6001917345727,191932,148555,"Tropical",9.79583333333333,9.75399065769717,10.031,10.6415
"77","197","Australia",141.9113,-10.6031,"2012-12-17 0:00:00","2017-12-04 0:00:00",1812.999769,4.967,10,1.9,65.4000988229346,261073,90331,"Tropical",NA,NA,NA,NA
"78","198","Australia",149.0319,-20.171,"2013-04-20 14:03:00","2017-03-02 0:00:00",1411.413935,3.867,10,1.6,6.15021279736279,203245,190745,"Subtropical",9.5919,9.58668863028661,9.6297,9.89234
"79","199","Australia",149.0377,-20.1819,"2011-03-24 13:59:00","2017-03-02 0:00:00",2169.416678,5.944,10,9.3,3.05988853926254,312397,302838,"Subtropical",8.24593333333333,8.21378610626091,8.04305,9.2075
"80","200","Australia",152.2725,-23.747,"2013-09-13 14:05:00","2020-01-06 13:50:00",2305.989248,6.318,10,1.3,2.07008910959667,332063,325189,"Subtropical",14.1104333333333,14.0657560568783,14.2259,15.08025
"81","201","Australia",152.2747,-23.7452,"2013-09-13 14:06:00","2020-01-06 13:50:00",2305.988611,6.318,10,7,2.84011515852366,332064,322633,"Subtropical",8.15031666666667,8.14657683581174,8.1804,8.412
"82","202","Australia",143.8767,-9.4732,"2011-12-14 0:00:00","2020-11-03 0:00:00",3246.999618,8.896,10,3,57.2199730094467,467571,200027,"Tropical",6.8733,6.77290669013371,7.0491,7.96006
"83","204","Australia",143.8767,-9.1395,"2011-12-14 0:02:00","2020-11-03 0:00:00",3246.998553,8.896,10,5.1,56.9199412279257,467569,201429,"Tropical",6.8577,6.84895845133982,7.0593,7.12218
"84","212","Australia",147.9052,-19.8508,"2016-05-05 0:00:00","2019-10-13 0:00:00",1256,3.441,10,2,7.05996184999862,180865,168096,"Tropical",10.3000666666667,10.2713366681574,10.4967,10.99414
"85","219","Australia",146.4833,-18.5719,"1993-02-12 0:00:00","2009-06-18 14:00:00",5970.583333,16.358,30,4,8.16011779935727,286589,263203,"Tropical",11.3224571428571,11.2963070010082,11.15975,12.408
"86","222","Australia",146.483,-18.5718,"1993-03-30 14:30:00","2009-06-18 14:00:00",5923.979167,16.23,30,7,29.1800303848751,284352,201378,"Tropical",8.915,8.66534477098286,8.915,10.591
"87","224","Australia",145.3115,-14.9522,"1998-05-14 0:00:00","2008-05-03 13:30:00",3642.5625,9.98,30,0,10.8599665987966,174844,155856,"Tropical",10.72,10.6830079259502,10.835,11.8088
"88","226","Australia",142.2799,-10.6893,"2013-12-10 14:00:00","2017-12-03 23:56:00",1454.413669,3.985,10,1.3,36.729899683437,209437,132511,"Tropical",10.4747,10.4747,10.4747,10.4747
"89","227","Australia",147.7199,-18.6534,"2009-04-30 14:08:00","2017-05-10 13:50:00",2931.987407,8.033,10,3,26.7300632386727,422210,309353,"Tropical",8.9514,8.95093131467335,8.9514,9.02468
"90","228","Australia",152.664,-21.9973,"2013-09-20 0:04:00","2020-09-01 0:00:00",2537.997072,6.953,10,2.5,6.94004755481253,365473,340109,"Subtropical",9.54855714285714,9.501345119556,9.8058,10.36278
"91","229","Australia",152.6686,-21.9979,"2015-02-01 0:00:00","2020-08-26 23:50:00",2033.99331,5.573,10,10,3.47015001809504,292898,282734,"Subtropical",6.20314,6.19469624869824,5.9649,6.6148
"92","230","Australia",147.7217,-18.6521,"2009-04-30 14:18:00","2021-03-20 0:00:00",4341.403576,11.894,10,9,37.88007965897,625165,388352,"Tropical",6.1038,6.1038,6.1038,6.1038
"93","232","Australia",105.668,-10.4295,"2009-11-24 17:27:00","2017-06-19 23:59:00",2764.272361,7.573,10,2.5,73.3700472071411,398033,105996,"Tropical",4.56,4.56,4.56,4.56
"94","233","Australia",105.6672,-10.4287,"2009-11-24 17:07:00","2017-06-19 23:58:00",2764.284965,7.573,10,12,55.1201081249466,398058,178648,"Tropical",4.2802,4.2802,4.2802,4.2802
"95","236","Australia",119.3704,-17.2838,"2009-06-25 16:27:00","2020-08-11 23:57:00",4065.31265,11.138,10,6,38.1200803542145,585408,362250,"Tropical",7.377,7.377,7.377,7.377
"96","237","Australia",119.3604,-17.253,"2015-10-12 16:10:00","2020-08-12 0:00:00",1765.326389,4.837,10,7,20.9698357250755,254208,200901,"Tropical",7.165,7.14865945819241,7.2228,7.62344
"97","240","Australia",159.0654,-31.5391,"2009-03-04 0:03:00","2013-04-08 12:51:00",1496.533912,4.1,10,4,12.71020491499,215504,188113,"Subtropical",10.4268666666667,10.4116005662984,10.047,10.99676
"98","242","Australia",113.7532,-23.1305,"2012-12-02 16:30:00","2016-11-05 0:00:00",1433.3125,3.927,30,4.9,12.4302325581395,68800,60248,"Subtropical",8.699075,8.67607501408311,8.65155,9.39028
"99","244","Australia",143.5112,-12.5847,"2017-11-23 0:00:00","2020-12-12 0:00:00",1115,3.055,10,7.6,2.88986740242026,160561,155921,"Tropical",7.52763333333333,7.525203624388,7.623,7.68284
"100","245","Australia",147.6339,-18.8312,"2010-03-03 14:18:00","2019-06-29 0:00:00",3404.403796,9.327,10,4.4,70.0400819998164,490245,146877,"Tropical",7.08,7.08,7.08,7.08
"101","246","Australia",147.634,-18.8313,"2009-12-17 14:18:00","2019-06-29 0:00:00",3480.403993,9.535,10,8.4,33.9500100762,501181,331030,"Tropical",7.1955,7.16948679888235,7.1539,7.9113
"102","275","Australia",148.8122,-20.2557,"2009-07-21 14:19:00","2014-07-08 23:50:00",1813.396389,4.968,10,4,1.70985666307973,261133,256668,"Subtropical",10.00488,9.96366042761474,9.6287,11.13242
"103","278","Australia",150.8694,-9.7363,"2011-04-28 0:06:00","2016-10-05 23:52:00",1987.990289,5.447,10,3.8,32.6699782025486,286272,192747,"Tropical",4.6767,4.6767,4.6767,4.6767
"104","291","Australia",152.7647,-21.1036,"2009-04-19 14:14:00","2014-10-13 23:54:00",2003.402685,5.489,10,2.5,22.5800189951957,288494,223352,"Subtropical",6.62406666666667,6.60329148270848,6.59,7.14488
"105","297","Australia",146.5315,-17.79,"2015-12-18 0:00:00","2020-02-23 0:00:00",1528,4.186,10,1.5,16.3498202542346,220033,184058,"Tropical",8.6351,8.6224813149444,8.52435,9.15606
"106","298","Australia",146.5324,-17.7912,"2015-12-18 0:00:00","2020-02-23 0:00:00",1528,4.186,10,7,3.18997604904719,220033,213014,"Tropical",7.1972,7.1738607161522,7.29415,7.72247
"107","299","Australia",146.3887,-17.519,"2012-03-01 0:08:00","2020-02-22 0:00:00",2913.994086,7.984,10,1.8,30.8300188028607,419617,290249,"Tropical",10.09515,10.0604874782488,10.09515,10.76383
"108","300","Australia",146.3905,-17.5179,"2012-03-01 0:06:00","2020-02-22 0:00:00",2913.995544,7.984,10,7.6,2.67005388246901,419617,408413,"Tropical",8.462525,8.43724004062604,8.2567,9.34016
"109","301","Australia",145.9963,-16.9233,"2004-10-24 14:30:00","2019-07-21 13:50:00",1762.958333,13.808,30,3,20.3956069231212,556512,443008,"Tropical",9.8710125,9.82234696715153,9.99285,10.95043
"110","304","Australia",146.0904,-17.227,"2009-08-21 14:15:00","2020-07-19 0:00:00",3984.405648,10.916,10,3,31.1000456638513,573758,395319,"Tropical",7.254,7.254,7.254,7.254
"111","305","Australia",153.211,-30.1309,"2002-02-14 13:00:00","2011-03-17 0:00:00",3317.458333,9.089,30,8.5,11.8199687262542,159239,140417,"Subtropical",9.20972857142857,9.20337374938999,9.3,9.544
"112","308","Australia",146.8607,-19.1557,"1992-12-20 0:00:00","1996-01-03 0:00:00",1109,3.038,30,0,37.9092702169625,53235,33054,"Tropical",12.19,12.19,12.19,12.19
"113","310","Australia",146.8645,-19.1549,"1992-12-18 14:30:00","2010-05-24 13:30:00",6365.958333,17.441,30,2,32.3299560163368,305568,206778,"Tropical",14.0233333333333,13.9915898076169,13.83,14.982
"114","312","Australia",146.8685,-19.1549,"2016-09-19 14:06:00","2020-04-05 0:00:00",1293.412384,3.544,10,5,6.26996612135107,186253,174575,"Tropical",10.5086,10.4912263162863,10.9099,10.94174
"115","313","Australia",146.8617,-19.1567,"1992-12-20 0:11:00","1996-01-03 0:00:00",1108.992361,3.038,30,4,11.3592816620957,53234,47187,"Tropical",11.39,11.3143472965879,12.07,12.414
"116","320","Australia",145.9803,-16.7755,"1997-10-21 14:30:00","2017-12-12 0:00:00",4042.958333,16.407,30,6,27.7263113054957,474203,342724,"Tropical",11.5055,11.4826033633493,11.5055,12.0859
"117","321","Australia",153.2273,-30.159,"2001-03-03 13:00:00","2011-03-17 0:00:00",3665.458333,10.042,30,9.4,20.520048878911,175945,139841,"Subtropical",8.51945,8.44950312764318,8.445,9.64046
"118","323","United States, Santa Barbara",-120.12005,34.46672,"2001-01-01 0:00:00","2004-12-31 23:40:00",1460.986111,4.003,20,5.3,31.3303293026086,105192,72235,"Subtropical",10.8187,10.8187,10.8187,10.8187
"119","324","United States, Santa Barbara",-120.28998,34.46085,"1999-01-01 0:00:00","2020-12-31 23:40:00",8035.986111,22.016,20,5,62.849987555998,578592,214947,"Subtropical",NA,NA,NA,NA
"120","325","United States, Santa Barbara",-120.11965,34.46495,"2004-01-01 0:00:00","2021-02-25 16:20:00",6265.680556,17.166,20,4.2,16.6798927138519,451130,375882,"Subtropical",11.3639454545455,11.305548626148,11.1598,12.6413
"121","326","United States, Santa Barbara",-119.5399,34.39015,"2001-01-01 0:00:00","2021-01-15 21:20:00",7319.888889,20.054,20,4.3,7.15002665867223,527033,489350,"Subtropical",10.7676421052632,10.7154905612758,10.7629,12.05488
"122","327","United States, Santa Barbara",-119.73012,34.39323,"2005-01-01 0:00:00","2021-03-18 15:40:00",5920.652778,16.221,20,4.8,19.3200371579777,426288,343929,"Subtropical",11.4312625,11.3470970084793,11.62525,12.98925
"123","328","United States, Santa Barbara",-119.95032,34.42388,"2001-01-01 0:00:00","2021-03-24 19:20:00",7387.805556,20.241,20,5.2,8.43994337526296,531923,487029,"Subtropical",10.30905,10.2496658631888,10.2507,11.54264
"124","329","United States, Santa Barbara",-119.68575,34.4104667,"2005-01-01 0:00:00","2021-03-03 23:00:00",5905.958333,16.181,20,2.9,28.1699315664464,425230,305443,"Subtropical",13.0863,13.076824663503,13.0863,13.48462
"125","330.1","United States, Santa Barbara",-119.3681,34.0109,"2003-04-11 21:00:00","2013-04-13 12:00:00",3654.625,10.013,60,3,10.609722728931,87712,78406,"Subtropical",10.07253075,9.99464895236475,10.21394995,11.72280426
"126","330.2","United States, Santa Barbara",-119.3681,34.0109,"2003-04-11 21:00:00","2013-04-13 12:00:00",3654.625,10.013,60,9,11.4602334914265,87712,77660,"Subtropical",10.3599775111111,10.3078922190107,10.393,11.7706667
"127","333.1","United States, Santa Barbara",-120.0829,34.0246,"2009-01-15 18:00:00","2012-10-03 12:00:00",1356.75,3.717,60,3,15.0692503761938,32563,27656,"Subtropical",7.08024443333333,6.98198099316281,7.5895333,8.03460002
"128","333.2","United States, Santa Barbara",-120.0829,34.0246,"2009-01-15 18:00:00","2012-10-03 12:00:00",1356.75,3.717,60,9,1.4310720756687,32563,32097,"Subtropical",7.2392778,7.15208791739195,7.6342,8.19262672
"129","334.1","United States, Santa Barbara",-120.3523,34.0592,"2008-07-08 4:00:00","2013-08-19 14:00:00",1868.416667,5.119,60,3,22.8307651138416,44843,34605,"Subtropical",7.222291675,7.19992280632085,7.25223335,7.81885001
"130","334.2","United States, Santa Barbara",-120.3523,34.0592,"2008-07-08 4:00:00","2013-06-05 8:00:00",1793.166667,4.913,60,9,14.3806492088203,43037,36848,"Subtropical",7.258758325,7.23687292042029,7.231,7.86727001
"131","336.1","United States, Santa Barbara",-119.8244,34.0587,"2000-04-18 17:00:00","2005-02-24 17:00:00",1773,4.858,60,3,11.7101026954621,42553,37570,"Subtropical",8.895612175,8.85715601632119,9.1695269,9.53434741
"132","336.2","United States, Santa Barbara",-119.8244,34.0587,"2000-04-18 17:00:00","2005-02-24 17:00:00",1773,4.858,60,9,9.70084365379644,42553,38425,"Subtropical",8.764018725,8.7443811438117,8.92925345,9.29410106
"133","337.1","United States, Santa Barbara",-119.3604,34.0174,"2000-06-28 17:00:00","2004-06-27 15:00:00",1459.916667,4,60,4,12.9998002226091,35039,30484,"Subtropical",8.570168625,8.52109614016318,8.5782644,9.55057354
"134","337.2","United States, Santa Barbara",-119.3604,34.0174,"2000-06-28 17:00:00","2004-06-27 15:00:00",1459.916667,4,60,12,13.0511715516995,35039,30466,"Subtropical",8.985547675,8.9367643008908,8.9114624,10.02316131
"135","337.3","United States, Santa Barbara",-119.3604,34.0174,"2001-02-02 18:00:00","2004-06-27 15:00:00",1240.875,3.4,60,8,9.02894365724263,29782,27093,"Subtropical",8.71201,8.65003172702095,8.667,9.73773368
"136","338.1","United States, Santa Barbara",-119.8548,33.9666,"2005-01-14 16:00:00","2013-02-01 8:00:00",2939.666667,8.054,60,3,6.7906396609641,70553,65762,"Subtropical",10.4761458375,10.4238797938075,10.68266665,11.44245337
"137","338.2","United States, Santa Barbara",-119.8548,33.9666,"2005-01-14 16:00:00","2013-06-01 8:00:00",3059.666667,8.383,60,9,8.82028515789904,73433,66956,"Subtropical",10.5270291375,10.4698850855962,10.53446665,11.73955661
"138","339.1","United States, Santa Barbara",-119.6967,34.0307,"2000-04-18 19:00:00","2013-05-03 8:00:00",4762.541667,13.048,60,3,7.39969554338507,114302,105844,"Subtropical",9.57924960769231,9.53734155701171,9.6214667,10.54862794
"139","339.2","United States, Santa Barbara",-119.6967,34.0307,"2000-04-18 19:00:00","2013-02-02 8:00:00",4672.541667,12.801,60,9,10.459952560147,112142,100412,"Subtropical",9.66819464545455,9.64375790166142,9.7602903,10.492
"140","340.1","United States, Santa Barbara",-119.9416,34.066,"2005-01-13 22:00:00","2013-05-10 4:00:00",3038.25,8.324,60,3,5.67067568123534,72919,68784,"Subtropical",9.434560425,9.35529699785081,9.37491665,10.8269567
"141","340.2","United States, Santa Barbara",-119.9416,34.066,"2005-01-13 22:00:00","2013-05-10 4:00:00",3038.25,8.324,60,9,9.11010847652875,72919,66276,"Subtropical",9.154485725,9.05220463995145,9.3630667,10.0873
"142","341.1","United States, Santa Barbara",-119.56,34.0549,"2000-04-27 20:00:00","2013-05-10 4:00:00",4760.333333,13.042,60,3,14.9104149708094,114249,97214,"Subtropical",9.22223491818182,9.14970218158218,9.1170667,10.7574828
"143","341.2","United States, Santa Barbara",-119.56,34.0549,"2000-04-27 20:00:00","2013-05-10 4:00:00",4760.333333,13.042,60,9,11.9099510717818,114249,100642,"Subtropical",9.4219387,9.34598734639727,9.2687666,11.2624667
"144","342.1","United States, Santa Barbara",-119.5384,34.0116,"2000-04-27 19:00:00","2013-05-12 11:00:00",4762.666667,13.048,60,3,19.1303967455492,114305,92438,"Subtropical",10.21990547,10.1504970552655,10.00666665,12.15148161
"145","342.2","United States, Santa Barbara",-119.5384,34.0116,"2000-04-27 19:00:00","2013-05-12 11:00:00",4762.666667,13.048,60,9,15.3702812650365,114305,96736,"Subtropical",10.9012141,10.8369330133046,11.06333335,12.52318175
"146","343.1","United States, Santa Barbara",-120.3455,34.057,"2003-05-21 19:00:00","2008-06-29 15:00:00",1865.833333,5.112,60,3,47.5804470646033,44781,23474,"Subtropical",8.96110345,8.87813095395621,8.96110345,9.93439997
"147","343.2","United States, Santa Barbara",-120.3455,34.057,"2003-04-26 12:00:00","2008-06-29 15:00:00",1891.125,5.181,60,9,49.2398871948533,45388,23039,"Subtropical",9.15666665,9.10081911617549,9.15666665,9.96448269
"148","344.1","United States, Santa Barbara",-120.3311,34.0159,"2003-04-27 10:00:00","2013-05-02 8:00:00",3657.916667,10.022,60,3,4.51982549464068,87791,83823,"Subtropical",9.36048187,9.26193119101144,8.9395005,10.78276003
"149","344.2","United States, Santa Barbara",-120.3311,34.0159,"2003-04-27 0:00:00","2013-05-02 8:00:00",3658.333333,10.023,60,9,3.70041343492671,87801,84552,"Subtropical",9.31006261,9.20817465108152,9.14804295,10.44178621
"150","345.1","United States, Santa Barbara",-120.08,34.0261,"2003-04-17 1:00:00","2009-01-15 18:00:00",2100.708333,5.755,60,3,54.050140822722,50418,23167,"Subtropical",8.1673925,8.15415539707437,8.1673925,8.53924194
"151","345.2","United States, Santa Barbara",-120.08,34.0261,"2003-04-17 3:00:00","2009-01-15 18:00:00",2100.625,5.755,60,9,54.0403840050778,50416,23171,"Subtropical",8.1200287,8.09645388490804,8.1200287,8.61467238
"152","346.1","United States, Santa Barbara",-120.1278,33.8958,"2003-04-17 5:00:00","2012-10-02 19:00:00",3456.583333,9.47,60,3,4.15988620885015,82959,79508,"Subtropical",10.0879277,10.0004641435433,9.9936,11.29759482
"153","346.2","United States, Santa Barbara",-120.1278,33.8958,"2003-03-06 3:00:00","2013-06-01 8:00:00",3740.208333,10.247,60,9,5.09992647550297,89766,85188,"Subtropical",10.04968007,9.9701282548402,10.11075005,11.0837133
"154","347.1","United States, Santa Barbara",-119.9101,34.051,"2000-04-27 16:00:00","2013-05-20 16:00:00",4771,13.071,60,3,11.2903366665211,114505,101577,"Subtropical",9.67945662,9.59240562902957,9.56559425,11.37282794
"155","347.2","United States, Santa Barbara",-119.9101,34.051,"2000-04-27 16:00:00","2013-05-20 16:00:00",4771,13.071,60,9,14.3399851534867,114505,98085,"Subtropical",9.61479499090909,9.50125349673382,10.0793333,11.4269248
"156","348.1","United States, Santa Barbara",-119.67,33.9783,"2000-04-27 18:00:00","2013-05-10 4:00:00",4760.416667,13.042,60,3,7.15967475120568,114251,106071,"Subtropical",10.4493023923077,10.3989783341236,10.302,11.8730133
"157","348.2","United States, Santa Barbara",-119.67,33.9783,"2000-04-27 18:00:00","2013-05-10 4:00:00",4760.416667,13.042,60,9,5.99031955956622,114251,107407,"Subtropical",10.5416700230769,10.4758138700699,10.398,12.02412714
"158","349.1","United States, Santa Barbara",-119.7527,33.9594,"2000-04-27 17:00:00","2004-10-22 16:00:00",1638.958333,4.49,60,3,7.48932275777913,39336,36390,"Subtropical",9.73667205,9.72602992676286,9.79067745,10.18489461
"159","349.2","United States, Santa Barbara",-119.7527,33.9594,"2000-04-27 17:00:00","2004-10-22 16:00:00",1638.958333,4.49,60,9,7.40034573927191,39336,36425,"Subtropical",9.8168138,9.8013833517942,9.76638175,10.42272905
"160","350.1","United States, Santa Barbara",-119.3958,34.0087,"2000-06-28 19:00:00","2013-04-13 3:00:00",4671.333333,12.798,60,3,15.2399810905069,112113,95027,"Subtropical",9.46873564,9.42584643915435,9.41131605,10.70193334
"161","350.3","United States, Santa Barbara",-119.3958,34.0087,"2001-02-02 17:00:00","2012-09-20 5:00:00",4247.5,11.637,60,9,13.7599199536987,101941,87914,"Subtropical",9.48438515,9.39339422262044,9.45416665,11.03493229
"162","351","United States, Bodega Marine Laboratory (BML) Buoy",-123.083028,38.311806,"2012-09-13 13:00:00","2018-11-13 20:00:00",2252.291667,6.171,60,1,68.9895663756105,54056,16763,"Temperate",NA,NA,NA,NA
"163","352","United States, ca_weather_46145_5238_4013_530d",-132.44,54.37,"2015-05-05 14:00:00","2021-06-28 7:00:00",2245.708333,6.153,60,1,17.7409180303536,53898,44336,"Temperate",10.06,10.0308705722566,10,10.96
"164","358.1","United States, E01_sbe37_all_bc79_fca7_58ec",-69.355774,43.71517,"2007-05-09 22:00:00","2007-05-09 17:00:00",4877.854167,19.199,30,1,5.56700741800233,285252,269372,"Temperate",18.8656330666667,18.6892338934311,18.163,19.69654
"165","362","United States, gov_nps_ever_bkyf1_206a_7d6e_f119",-80.834,25.119,"2015-12-11 4:00:00","2021-06-28 7:00:00",2026.125,5.551,60,1.5,10.3500041128568,48628,43595,"Subtropical",25.26,25.2231927142771,25.39,26.642
"166","363.1","United States, I01_sbe37_all_bc79_fca7_58ec",-68.1085,44.10599,"2007-05-10 8:00:00","2020-02-04 19:30:00",4653.479167,12.749,30,1,2.48021202678987,223368,217828,"Temperate",13.5652,13.4546495113344,13.2822,16.03765
"167","370","United States, wmo_41013_ec68_b09d_6402",-77.743,33.436,"2015-12-11 2:20:00","2021-06-28 9:00:00",2026.277778,5.551,10,1,14.200084308074,291787,250353,"Subtropical",17.474,17.3445047035926,17,20.044
"168","373","Indian Ocean",67,0,"2014-08-06 11:00:00","2019-10-31 2:10:00",1911.631944,5.237,10,1,0.569973408506372,275276,273707,"Tropical",5.2833996,5.26324787081376,5.3029995,5.7978001
"169","374","Indian Ocean",80.5,0,"2008-08-09 18:20:00","2019-08-15 9:50:00",4022.645833,11.021,10,1,24.5999219696787,579262,436764,"Tropical",4.222749675,4.19861634377804,4.14550015,4.72280021
"170","375","Indian Ocean",90,0,"2004-11-09 6:20:00","2018-05-31 1:40:00",4950.805556,13.564,10,1,28.3199867586269,712917,511019,"Tropical",3.9961662,3.96800667121672,4.00649925,4.50699895
"171","376","Indian Ocean",67,1.5,"2016-09-04 21:00:00","2019-11-01 2:10:00",1152.215278,3.157,10,1,0.55026518804243,165920,165007,"Tropical",5.24633406666667,5.24576049080303,5.2469997,5.32220114
"172","377","Indian Ocean",67,-1.5,"2013-07-24 15:50:00","2019-10-29 1:50:00",2287.416667,6.267,10,1,0.170011749026227,329389,328829,"Tropical",4.85633341666667,4.82079690187183,4.69550035,5.5539999
"173","378","Indian Ocean",80.5,-1.5,"2006-09-06 11:10:00","2019-08-11 3:30:00",4721.680556,12.936,10,1,22.2500194875008,679923,528640,"Tropical",3.9883752125,3.95122110368806,4.0460005,4.66909908
"174","379","Indian Ocean",90,12,"2008-10-17 16:30:00","2017-01-12 0:40:00",3008.340278,8.242,10,1,1.83009312053038,433202,425274,"Tropical",5.7582502375,5.73037157194157,5.85849955,6.40900041
"175","381","Indian Ocean",67,-12,"2009-09-13 7:40:00","2013-07-17 12:50:00",1403.215278,3.844,10,1,39.4399794124634,202064,122370,"Tropical",6.4190006,6.4190006,6.4190006,6.4190006
"176","382","Indian Ocean",80.5,-12,"2010-05-17 9:00:00","2015-10-22 2:00:00",1983.708333,5.435,10,1,0.140029056029126,285655,285255,"Tropical",6.68159944,6.60509962080446,6.677,7.85479892
"177","383","Indian Ocean",93,-12,"2011-03-21 10:20:00","2017-02-25 1:20:00",2167.625,5.939,10,1,39.6198488493908,312139,188470,"Tropical",3.9090004,3.87180061723227,3.9090004,4.33940048
"178","384","Indian Ocean",90,15,"2008-10-19 15:00:00","2019-07-30 5:20:00",3935.597222,10.782,10,1,9.3600622521955,566727,513681,"Tropical",7.06042944285714,7.04571443602678,6.9760018,7.5640003
"179","386","Indian Ocean",90,4,"2006-11-16 5:50:00","2016-03-08 1:00:00",3399.798611,9.315,10,1,48.5099229531101,489572,252081,"Tropical",4.1439991,4.1439991,4.1439991,4.1439991
"180","388","Indian Ocean",67,-4,"2012-06-24 7:50:00","2016-09-09 7:50:00",1538,4.214,10,1,0.0799194484203492,221473,221296,"Tropical",4.64649965,4.63348114664079,4.72099975,4.97550147
"181","389","Indian Ocean",80.5,-4,"2008-08-19 10:40:00","2015-08-30 1:50:00",2566.631944,7.032,10,1,39.5399300858234,369596,223458,"Tropical",NA,NA,NA,NA
"182","391","Indian Ocean",90,8,"2006-11-14 8:10:00","2017-01-14 0:40:00",3713.6875,10.174,10,1,52.3499734466277,534772,254819,"Tropical",4.9790001,4.96596834099852,4.9790001,5.26700058
"183","392","Indian Ocean",55,-8,"2008-11-21 10:00:00","2017-11-21 9:00:00",3286.958333,9.005,10,1,45.0400677761275,473323,260138,"Tropical",6.14449975,6.13983032930871,6.14449975,6.33610051
"184","393","Indian Ocean",67,-8,"2007-01-13 14:00:00","2014-10-03 1:40:00",2819.486111,7.725,10,1,53.1599208880635,406007,190174,"Tropical",NA,NA,NA,NA
"185","394","Indian Ocean",80.5,-8,"2008-08-22 13:10:00","2016-11-19 3:40:00",3010.604167,8.248,10,1,5.61993688988947,433528,409164,"Tropical",5.1544995125,5.11528934254945,4.99600025,5.94859809
"186","395","Atlantic Ocean",0,0,"1998-11-08 16:40:00","2018-03-19 12:10:00",7070.8125,19.372,10,1,44.879974228981,1018198,561231,"Tropical",NA,NA,NA,NA
"187","396","Atlantic Ocean",-10,0,"1999-01-28 20:10:00","2020-02-23 10:50:00",7695.611111,21.084,10,1,24.1199672613112,1108169,840879,"Tropical",8.97999992,8.92525490210156,9.1329994,10.0713997
"188","397","Atlantic Ocean",-23,0,"1999-03-06 14:00:00","2021-07-01 6:00:00",5879.145833,21.412,10,1,35.665369266394,893068,574552,"Tropical",6.662749275,6.62449527897721,6.7529993,7.37289925
"189","398","Atlantic Ocean",-35,0,"1998-01-21 23:50:00","2017-11-06 12:50:00",7228.541667,19.804,10,1,48.9699887886669,1040911,531177,"Tropical",3.56999875,3.56992466118005,3.56999875,3.58839855
"190","402","Pacific Ocean",-110,0,"1998-10-27 2:30:00","1998-03-01 13:00:00",8062.083333,36.678,10,1,34.2437843360156,1545571,1016309,"Tropical",9.22711075555556,9.08539632886536,8.7560005,11.33299908
"191","403","Pacific Ocean",-125,0,"1996-06-24 11:10:00","1996-06-23 0:00:00",9053.715278,30.007,10,1,40.1310601613869,1349304,807814,"Tropical",8.20399986666667,8.16377317199196,8.651001,8.82780004
"192","404","Pacific Ocean",-140,0,"1998-05-10 22:40:00","1998-05-09 20:00:00",8335.069444,36.472,10,1,15.6840985174395,1466989,1236905,"Tropical",5.56052628947368,5.36883946575057,5.4500007,7.4300007
"193","405","Pacific Ocean",147,0,"1994-04-27 14:00:00","2016-12-09 23:00:00",8262.375,22.637,60,1,8.39998386267133,198298,181641,"Tropical",3.56913511176471,3.55267396537266,3.4778996,4.13063926
"194","406","Pacific Ocean",-155,0,"1999-10-28 0:00:00","1999-10-27 0:00:00",7570.826389,29.018,10,1,26.0714715747828,1162700,859567,"Tropical",5.12982357058824,4.93474614930445,4.6760006,7.78300062
"195","407","Pacific Ocean",156,0,"1992-03-01 6:00:00","2021-03-16 23:00:00",10607.70833,29.062,60,1,8.45018971978035,254586,233073,"Tropical",3.56876215,3.52436879061702,3.5067501,4.02520904
"196","408","Pacific Ocean",165,0,"1998-07-11 9:20:00","1999-03-19 19:00:00",8138.069444,30.275,10,1,39.3563734522168,1241776,753058,"Tropical",4.0219994,4.0219994,4.0219994,4.0219994
"197","409","Pacific Ocean",-170,0,"2000-07-03 13:20:00","2000-07-03 2:00:00",7422.520833,28.662,10,1,30.0820384995021,1141781,798310,"Tropical",4.63128578571429,4.58311023471822,4.5470009,5.36019972
"198","410","Pacific Ocean",180,0,"1999-11-28 6:00:00","1999-11-27 0:00:00",7853.708333,28.192,10,1,35.475091894146,1189412,767467,"Tropical",4.61599988333333,4.58125427206945,4.65149975,5.21249965
"199","411","Pacific Ocean",-95,0,"1998-11-06 21:00:00","1998-06-20 23:00:00",8271.118056,28.261,10,1,46.6114344281133,1240097,662070,"Tropical",11.8366660666667,11.8225864564474,12.1630001,12.28299978
"200","412","Chile, Tongoy",-71.56139,-30.275,"2014-09-11 0:00:00","2021-07-07 23:00:00",2491.958333,6.827,60,-99,7.57925361155698,59808,55275,"Subtropical",18.9446666666667,18.8146712590816,18.4355,21.8305
"201","414","Chile, Puyuhuapi",-72.68778,-44.73278,"2010-06-24 0:00:00","2017-03-21 23:00:00",2462.958333,6.748,60,-99,17.3805657057789,59112,48838,"Temperate",17.5175,17.4772911608248,17.92,18.493
"202","415","Chile, Reloncavi Sound",-72.83444,-41.63611,"2017-09-15 0:00:00","2021-02-11 23:00:00",1245.958333,3.414,60,-99,33.1393793472445,29904,19994,"Temperate",11.326,11.326,11.326,11.326
"203","431","Brazil, Rio de Janeiro",-43.174472,-22.983083,"2016-08-08 19:25:00","2021-05-31 17:51:00",1756.935185,4.814,30,0.5,58.6902390438247,84336,34839,"Subtropical",13.41,13.41,13.41,13.41
"204","432","Brazil, Rio de Janeiro",-43.1502167,-22.97155,"2017-08-28 13:25:00","2021-05-31 17:21:00",1372.164352,3.759,30,0.5,72.6201682203261,65866,18034,"Subtropical",NA,NA,NA,NA
"205","433","Brazil, Rio Grande",-52.10556,-32.02349,"2016-03-11 20:01:00","2021-05-31 17:01:00",1906.875,5.224,60,0.3,25.8292181969147,45766,33945,"Subtropical",22.8325,22.7433809661568,21.97,25.153
"206","437","Brazil, Rio Grande",-52.02287188,-32.29979002,"2016-12-07 22:25:00","2020-01-29 9:55:00",1147.479167,3.144,30,0.5,52.4899693179136,55081,26169,"Subtropical",16.26,16.26,16.26,16.26
"207","439","Brazil, Sao Sebastiao",-45.422167,-23.830583,"2014-09-22 0:01:00","2020-03-29 1:01:00",2015.041667,5.521,60,0.7,37.4405524998966,48362,30255,"Subtropical",12.08,12.08,12.08,12.08
"208","470","United States, San Miguel Island, Hare Rock",-120.3566,34.06438333,"1993-05-21 17:31:00","2019-10-08 13:00:00",9635.811806,26.399,60,6.2484,6.42994739251747,231526,216639,"Subtropical",8.54740919090909,8.40131126725606,8.47500035,10.72200058
"209","471","United States, Santa Rosa Island, Johnson's Lee North",-120.1029667,33.90146667,"1994-09-14 20:20:00","2019-08-19 19:00:00",9104.944051,24.945,60,10.113264,4.46014330292188,218558,208810,"Subtropical",10.7332271545455,10.6706294982269,10.6919999,12.27909928
"210","475","Japan, Iriomote",123.7097,24.35222,"2015-10-06 14:02:00","2019-11-11 12:15:00",1496.926377,4.101,2,8,0.140194156380968,1077791,1076280,"Subtropical",8.4154,8.36712422746061,8.62365,9.25586
"211","476","Japan, Okinawa",127.843778,26.504466,"2016-08-12 9:45:00","2019-11-13 9:07:00",1187.973611,3.255,2,8,1.17952818872451,855342,845253,"Subtropical",9.5497,9.4623091662199,10.2397,10.53986
"212","477","Pacific Ocean, Moorea, French Polynesia",-149.842267,-17.47825,"2005-06-01 10:04:00","2017-07-07 20:32:00",4419.436111,12.108,2,2,7.62105593966059,3182000,2939498,"Tropical",4.50771,4.46164805869304,4.65065,5.07999
"213","478","Pacific Ocean, Moorea, French Polynesia",-149.83985,-17.47505,"2004-12-16 12:42:00","2019-08-10 18:02:00",5350.222222,14.658,2,10,10.383156263937,3852162,3452186,"Tropical",3.6362,3.60447521497243,3.8107,4.1324
"214","479","Panama, Gulf of Chiriquí",-81.68973,7.645079,"2012-03-01 18:36:00","2018-03-02 8:41:00",2191.587488,6.004,2,10,14.11076692202,1577944,1355284,"Tropical",11.556,11.5512083663997,11.59785,11.8932
"215","480","Chile, Antofagasta",-70.40472222,-23.65416667,"1999-01-01 0:00:00","2021-12-31 23:00:00",8400.958333,23.016,60,3,9.11498631115343,201624,183246,"Subtropical",9.3952380952381,9.3653190732422,9.3,10.5
"216","481","Chile, Pisagua",-70.21555556,-19.59694444,"2011-01-01 0:00:00","2021-12-31 23:00:00",4017.958333,11.008,60,3,19.6501161440186,96432,77483,"Tropical",7.86,7.67881828274417,7.3,9.8
"217","482","Chile, Iquique",-70.14777778,-20.20444444,"1999-01-01 0:00:00","2021-12-31 23:00:00",8400.958333,23.016,60,3,6.91584335198191,201624,187680,"Subtropical",6.36818181818182,6.30872767998054,6.45,7.1
"218","483","Chile, Patache",-70.19805556,-20.80333333,"2011-01-01 0:00:00","2021-12-31 23:00:00",4017.958333,11.008,60,3,16.7610336817654,96432,80269,"Subtropical",7.14285714285714,7.04292304253329,6.8,8.54
"219","484","Chile, Tocopilla",-70.21166667,-22.09388889,"2010-01-01 0:00:00","2021-12-31 23:00:00",4382.958333,12.008,60,3,15.9974142520344,105192,88364,"Subtropical",6.67777777777778,6.56602952079153,6.4,8.64
"220","485","Chile, Mejillones",-70.45055556,-23.09777778,"2011-01-01 0:00:00","2021-12-31 23:00:00",4017.958333,11.008,60,3,13.4561141529783,96432,83456,"Subtropical",11.0875,11.0206698445094,10.7,13.13
"221","486","Chile, Arica",-70.32333333,-18.47583333,"1999-01-01 0:00:00","2021-12-31 23:00:00",8400.958333,23.016,60,3,6.99519898424791,201624,187520,"Tropical",8.16363636363636,8.12412362812901,8,8.9
"222","487","Chile, Tal-Tal",-70.48972222,-25.40722222,"2010-01-01 0:00:00","2021-12-31 23:00:00",4382.958333,12.008,60,3,12.1435090120922,105192,92418,"Subtropical",8.91111111111111,8.83455047752223,8.5,9.84
"223","488","Chile, S. Félix",-80.10861111,-26.29222222,"2001-01-01 0:00:00","2021-12-31 23:00:00",7669.958333,21.014,60,3,24.4915254237288,184080,138996,"Subtropical",6.43333333333333,6.29885128283248,6.2,8.1
"224","489","Chile, Caldera",-70.82472222,-27.06472222,"1999-01-01 0:00:00","2021-12-31 23:00:00",8400.958333,23.016,60,3,6.65992143792406,201624,188196,"Subtropical",9.16818181818182,9.11711798983717,9.1,10.09
"225","490","Chile, I. Pascua",-109.4394444,-27.15472222,"2004-01-01 0:00:00","2021-12-31 23:00:00",6574.958333,18.014,60,3,19.6869455006337,157800,126734,"Subtropical",7.95,7.9088017754063,8,8.77
"226","491","Chile, Huasco",-71.24972222,-28.46888889,"2010-01-01 0:00:00","2021-12-31 23:00:00",4382.958333,12.008,60,3,20.8599513270971,105192,83249,"Subtropical",7.3625,7.24281382255522,7.1,8.6
"227","492","Chile, Coquimbo",-71.33527778,-29.94972222,"1999-01-01 0:00:00","2021-12-31 23:00:00",8400.958333,23.016,60,3,7.74709359996826,201624,186004,"Subtropical",8.87272727272727,8.84539566505419,8.8,9.67
"228","493","Chile, Pichidangui",-71.52944444,-32.13555556,"2010-01-01 0:00:00","2021-12-31 23:00:00",4382.958333,12.008,60,3,13.5770781047988,105192,90910,"Subtropical",8.35555555555556,8.32422184769089,8.7,9
"229","494","Chile, Valparaíso",-71.62777778,-33.02777778,"1999-01-01 0:00:00","2021-12-31 23:00:00",8400.958333,23.016,60,3,9.04604610562235,201624,183385,"Subtropical",8.20952380952381,8.14423030786062,8.1,9.9
"230","495","Chile, S. Antonio",-71.61805556,-33.58166667,"1999-01-01 0:00:00","2021-12-31 23:00:00",8400.958333,23.016,60,3,7.93010752688172,201624,185635,"Subtropical",8.20952380952381,8.15663425128034,8.1,9.1
"231","496","Chile, J. Fernandez",-78.83,-33.63611111,"1999-01-01 0:00:00","2021-12-31 23:00:00",8400.958333,23.016,60,3,12.6150656667857,201624,176189,"Subtropical",7.96,7.93144083390944,7.8,8.91
"232","497","Chile, Talcahuano",-73.10611111,-36.70083333,"1999-01-01 0:00:00","2021-12-31 23:00:00",8400.958333,23.016,60,3,10.4298099432607,201624,180595,"Temperate",8.86315789473684,8.77883444539234,9,10.7
"233","498","Chile, Lebu",-73.66416667,-37.59416667,"2010-01-01 0:00:00","2021-12-31 23:00:00",4382.958333,12.008,60,3,12.2138565670393,105192,92344,"Temperate",9.375,9.26874046541125,8.8,11.23
"234","499","Chile, Corral",-73.4275,-39.88666667,"1999-01-01 0:00:00","2021-12-31 23:00:00",8400.958333,23.016,60,3,14.6827758600167,201624,172020,"Temperate",11.2066666666667,11.1568023361763,11.1,12.22
"235","500","Chile, B. Mansa",-73.73694444,-40.58083333,"2011-01-01 0:00:00","2021-12-31 23:00:00",4017.958333,11.008,60,3,13.8906172224988,96432,83037,"Temperate",6.9875,6.95229739471887,6.8,7.92
"236","501","Chile, P. Montt",-72.96083333,-41.485,"1999-01-01 0:00:00","2021-12-31 23:00:00",8400.958333,23.016,60,3,6.69067174542713,201624,188134,"Temperate",10.1142857142857,9.96496780625802,10.3,12.4
"237","502","Chile, Castro",-73.75805556,-42.48083333,"2011-01-01 0:00:00","2021-12-31 23:00:00",4017.958333,11.008,60,3,12.6482910237266,96432,84235,"Temperate",12.0222222222222,11.8986446878489,12,14.46
"238","503","Chile, Melinka",-73.74833333,-43.89833333,"2011-05-01 0:00:00","2021-12-31 23:00:00",3897.958333,10.679,60,3,9.84479220112878,93552,84342,"Temperate",6.93333333333333,6.85592464942597,7.2,8.14
"239","504","Chile, P. Chacabuco",-72.82,-45.46722222,"2001-01-01 0:00:00","2021-12-31 23:00:00",7669.958333,21.014,60,3,11.1549326379835,184080,163546,"Temperate",14.3235294117647,14.2149019071781,14.3,16.66
"240","505","Chile, P. Eden",-74.40861111,-49.12972222,"2011-10-01 0:00:00","2021-12-31 23:00:00",3744.958333,10.26,60,3,12.4165554072096,89880,78720,"Temperate",8.4,8.27961120408364,8.3,10.69
"241","506","Chile, C. Meteoro",-74.07222222,-52.96111111,"2011-01-01 0:00:00","2021-12-31 23:00:00",4017.958333,11.008,60,3,24.6100879376141,96432,72700,"Temperate",9.45,9.36936697164981,9.55,10.72
"242","507","Chile, P. Arenas",-70.86194444,-53.12361111,"2002-01-01 0:00:00","2021-12-31 23:00:00",7304.958333,20.014,60,3,13.696668948209,175320,151307,"Temperate",6.5,6.48217399630363,6.65,6.85
"243","508","United States, Fort Point ShoreStation",-122.4662,37.80663,"2010-01-01 0:00:00","2021-08-08 0:00:00",4237,11.608,60,3,14.3584851852216,101689,87088,"Temperate",8.4772364,8.41819420058675,8.28608455,9.85993919
"244","513.1","Canada, Calvert Island",-128.0853667,51.6521,"2017-12-02 16:10:00","2021-06-04 23:30:00",1280.305556,3.508,5,0,0.220487132826547,368729,367916,"Temperate",14.0556666666667,14.0383425236729,13.813,14.7722
"245","513.2","Canada, Calvert Island",-128.0853667,51.6521,"2017-12-02 16:10:00","2021-06-04 23:30:00",1280.305556,3.508,5,2,0.228351987503017,368729,367887,"Temperate",12.286,12.2859499693513,12.293,12.3186
"246","513.3","Canada, Calvert Island",-128.0853667,51.6521,"2017-12-02 16:10:00","2021-06-04 23:30:00",1280.305556,3.508,5,5,0.230250400700786,368729,367880,"Temperate",10.6706666666667,10.6560024267118,10.447,11.2462
"247","513.4","Canada, Calvert Island",-128.0853667,51.6521,"2017-12-02 16:10:00","2021-06-04 23:30:00",1280.305556,3.508,5,7,0.223741555451294,368729,367904,"Temperate",8.58666666666667,8.52920842473555,9.113,9.3554
"248","513.5","Canada, Calvert Island",-128.0853667,51.6521,"2017-12-02 16:10:00","2021-06-04 23:30:00",1280.305556,3.508,5,10,0.225368766763667,368729,367898,"Temperate",8.08666666666667,8.01530597108442,8.741,8.8674
"249","514","Canada, Choked Interior",-128.11869,51.675565,"2016-10-14 23:00:00","2020-10-22 9:00:00",1468.416667,4.023,60,7.84,16.0854637800414,35243,29574,"Temperate",8.9165,8.91507330311983,8.9165,9.0441
"250","518","Canada, Flat Island",-128.1236333,51.67448333,"2016-10-14 23:00:00","2020-08-16 13:00:00",1401.583333,3.84,60,6.34,17.7115847676804,33639,27681,"Temperate",8.614,8.614,8.614,8.614
"251","521.1","Canada, Dawson ",-127.592,51.574,"2016-10-14 23:00:00","2020-06-28 4:00:00",1352.208333,3.705,60,2.84,17.4678005792814,32454,26785,"Temperate",19.054,19.054,19.054,19.054
"252","521.4","Canada, Dawson ",-127.592,51.574,"2016-10-14 23:00:00","2020-06-28 5:00:00",1352.25,3.705,60,7.84,17.4672623632722,32455,26786,"Temperate",8.457,8.457,8.457,8.457
"253","523","Canada, Fish Egg - South Herring",-127.7648,51.60888,"2016-10-14 23:00:00","2020-08-17 12:00:00",1402.541667,3.843,60,7.84,17.580654744222,33662,27744,"Temperate",10.824,10.824,10.824,10.824
"254","524","Canada, Golden ",-128.2126,51.90308,"2016-10-14 23:00:00","2020-07-16 10:00:00",1370.458333,3.755,60,7.64,17.2655964976286,32892,27213,"Temperate",9.812,9.812,9.812,9.812
"255","525","Canada, Kelpie Point",-127.9966,51.7339,"2016-10-14 23:00:00","2020-07-08 8:00:00",1362.375,3.733,60,7.64,24.8333231390299,32698,24578,"Temperate",NA,NA,NA,NA
"256","532","Canada, Manley ",-128.1996,51.80093,"2016-10-14 23:00:00","2020-07-26 11:00:00",1380.5,3.782,60,5.84,17.9337820300003,33133,27191,"Temperate",11.209,11.209,11.209,11.209
"257","536","Canada, Mercury ",-128.0711,51.7439,"2016-10-14 23:00:00","2020-07-15 10:00:00",1369.458333,3.752,60,7.84,33.436777412681,32868,21878,"Temperate",NA,NA,NA,NA
"258","538","Canada, Nalau ",-128.098,51.7842,"2016-10-15 23:00:00","2020-07-24 14:00:00",1377.625,3.774,60,7.44,18.8059520929107,33064,26846,"Temperate",9.396,9.396,9.396,9.396
"259","540","Canada, Namu - North Herring",-127.8646,51.86617,"2016-10-14 23:00:00","2020-08-17 10:00:00",1402.458333,3.842,60,7.84,24.1176470588235,33660,25542,"Temperate",NA,NA,NA,NA
"260","542","Canada, Pruth Bay",-128.1188,51.64736,"2016-10-14 23:00:00","2020-08-16 14:00:00",1401.625,3.84,60,7.84,16.9411414982164,33640,27941,"Temperate",12.463,12.463,12.463,12.463
"261","544","Canada, Rattenbury ",-128.074,51.70119,"2016-10-15 23:00:00","2020-07-15 10:00:00",1368.458333,3.749,60,6.84,17.3030081597857,32844,27161,"Temperate",9.211,9.211,9.211,9.211
"262","546","Canada, Second Beach",-128.1554,51.64927,"2016-10-14 23:00:00","2020-07-26 8:00:00",1380.375,3.782,60,8.64,41.0594627226079,33130,19527,"Temperate",NA,NA,NA,NA
"263","547","Canada, Simmonds ",-128.2619,51.95896,"2016-10-14 23:00:00","2020-07-16 13:00:00",1370.583333,3.755,60,7.64,17.233622131023,32895,27226,"Temperate",9.771,9.771,9.771,9.771
"264","549","Canada, Starfish ",-128.1248,51.68,"2016-10-14 23:00:00","2020-08-16 13:00:00",1401.583333,3.84,60,7.84,16.8851630547876,33639,27959,"Temperate",8.995,8.995,8.995,8.995
"265","553","Canada, Triquet Bay",-128.236,51.80898,"2016-10-14 23:00:00","2020-08-09 11:00:00",1394.5,3.821,60,3.64,16.964952642744,33469,27791,"Temperate",13.961,13.961,13.961,13.961
"266","554","Canada, Triquet Macro ",-128.2545,51.80358,"2016-10-14 23:00:00","2020-07-13 11:00:00",1367.5,3.747,60,6.94,42.082812833247,32821,19009,"Temperate",11.667,11.667,11.667,11.667
"267","557","Canada, West Beach Macro ",-128.1519,51.64914,"2016-10-14 23:00:00","2020-07-18 9:00:00",1372.416667,3.76,60,6.64,29.3026503536841,32939,23287,"Temperate",NA,NA,NA,NA
"268","558","Canada, Wolf Beach Fish",-128.1202,51.67057,"2016-10-14 23:00:00","2020-08-16 12:00:00",1401.541667,3.84,60,7.84,16.8534649344472,33637,27968,"Temperate",8.808,8.808,8.808,8.808
"269","559","Kiritimati, Site 3",-157.45544,2.05162,"2011-08-27 16:03:00","2014-11-15 21:03:00",1176.208333,3.222,60,9.455,0,28230,28230,"Tropical",3.88006666666667,3.86246867808628,3.7111,4.26302
"270","561","Kiritimati, Site 8",-157.552,1.886,"2011-08-22 12:59:00","2015-03-19 17:59:00",1305.208333,3.576,60,7.625,0,31326,31326,"Tropical",3.65873333333333,3.64360406385553,3.5637,4.0005
